Consumer Wise Detail Report,,,,,,,,,,,,,,,,,,,,,,,,,,Run Date,11-Nov-25
Col Centre Code,Receipt Date,Book Number,Receipt Number,Receipt Type,BU,PC,Consumer No,Mode,Bank,IFSC,MICR,Cheque No,Cheque Date,Receipt Amount,Submitted,B60 Generated ,Modification,Cheque Bounce,"Receipt Source
",Ledger Updation Date,B80 Revision Id,B80 Date,Cheque Realised Date,B60 Date,Theft Consumer Name,Revision ID,CIR ID
010965012-Medha Sub Division Office Coll.,03-Nov-25,B06766,0005898,01,0965,5,196041921619,CASH,-----------------------, ----------,---------,------,,500,Y,Y,--------,N,Occs,,,,03-Nov-25,04-Nov-25,,,
010965012-Medha Sub Division Office Coll.,03-Nov-25,B06766,0005899,01,0965,6,196711988779,CASH,-----------------------, ----------,---------,------,,1000,Y,Y,--------,N,Occs,,,,03-Nov-25,04-Nov-25,,,
010965012-Medha Sub Division Office Coll.,03-Nov-25,B06766,0005900,01,0965,5,195011940671,CASH,-----------------------, ----------,---------,------,,330,Y,Y,--------,N,Occs,,,,03-Nov-25,04-Nov-25,,,
010965012-Medha Sub Division Office Coll.,03-Nov-25,B06766,0005901,01,0965,6,196710118347,CASH,-----------------------, ----------,---------,------,,900,Y,Y,--------,N,Occs,,,,03-Nov-25,04-Nov-25,,,
010965012-Medha Sub Division Office Coll.,03-Nov-25,B06766,0005902,01,0965,6,196011988433,CASH,-----------------------, ----------,---------,------,,3000,Y,Y,--------,N,Occs,,,,03-Nov-25,04-Nov-25,,,
010965012-Medha Sub Division Office Coll.,03-Nov-25,B06766,0005903,01,0965,5,195011926334,CASH,-----------------------, ----------,---------,------,,520,Y,Y,--------,N,Occs,,,,03-Nov-25,04-Nov-25,,,
010965012-Medha Sub Division Office Coll.,03-Nov-25,B06766,0005904,01,0965,1,195941965259,CASH,-----------------------, ----------,---------,------,,1080,Y,Y,--------,N,Occs,,,,03-Nov-25,04-Nov-25,,,
010965012-Medha Sub Division Office Coll.,03-Nov-25,B06766,0005905,01,0965,6,196710000630,CASH,-----------------------, ----------,---------,------,,1240,Y,Y,--------,N,Occs,,,,03-Nov-25,04-Nov-25,,,
010965012-Medha Sub Division Office Coll.,03-Nov-25,B06766,0005906,01,0965,6,196520000749,CASH,-----------------------, ----------,---------,------,,220,Y,Y,--------,N,Occs,,,,03-Nov-25,04-Nov-25,,,
010965012-Medha Sub Division Office Coll.,03-Nov-25,B06766,0005907,01,0965,5,195500065244,CASH,-----------------------, ----------,---------,------,,380,Y,Y,--------,N,Occs,,,,03-Nov-25,04-Nov-25,,,
010965012-Medha Sub Division Office Coll.,03-Nov-25,B06766,0005908,01,0965,5,195551924187,CASH,-----------------------, ----------,---------,------,,130,Y,Y,--------,N,Occs,,,,03-Nov-25,04-Nov-25,,,
010965012-Medha Sub Division Office Coll.,03-Nov-25,B06766,0005909,01,0965,5,195741943676,CASH,-----------------------, ----------,---------,------,,480,Y,Y,--------,N,Occs,,,,03-Nov-25,04-Nov-25,,,
010965012-Medha Sub Division Office Coll.,03-Nov-25,B06766,0005910,01,0965,5,195511904442,CASH,-----------------------, ----------,---------,------,,320,Y,Y,--------,N,Occs,,,,03-Nov-25,04-Nov-25,,,
010965012-Medha Sub Division Office Coll.,03-Nov-25,B06766,0005911,01,0965,6,196710000648,CASH,-----------------------, ----------,---------,------,,1000,Y,Y,--------,N,Occs,,,,03-Nov-25,04-Nov-25,,,
010965012-Medha Sub Division Office Coll.,03-Nov-25,B06766,0005912,01,0965,5,195890090775,CASH,-----------------------, ----------,---------,------,,200,Y,Y,--------,N,Occs,,,,03-Nov-25,04-Nov-25,,,
010965012-Medha Sub Division Office Coll.,03-Nov-25,B06766,0005913,01,0965,0,196530000666,CASH,-----------------------, ----------,---------,------,,1430,Y,Y,--------,N,Occs,,,,03-Nov-25,04-Nov-25,,,
010965012-Medha Sub Division Office Coll.,03-Nov-25,B06766,0005914,01,0965,5,196530000739,CASH,-----------------------, ----------,---------,------,,310,Y,Y,--------,N,Occs,,,,03-Nov-25,04-Nov-25,,,
010965012-Medha Sub Division Office Coll.,03-Nov-25,B06766,0005915,01,0965,5,196530114971,CASH,-----------------------, ----------,---------,------,,200,Y,Y,--------,N,Occs,,,,03-Nov-25,04-Nov-25,,,
010965012-Medha Sub Division Office Coll.,03-Nov-25,B06766,0005916,01,0965,6,196710000796,CASH,-----------------------, ----------,---------,------,,240,Y,Y,--------,N,Occs,,,,03-Nov-25,04-Nov-25,,,
010965012-Medha Sub Division Office Coll.,03-Nov-25,B06766,0005917,01,0965,6,195960000710,CASH,-----------------------, ----------,---------,------,,430,Y,Y,--------,N,Occs,,,,03-Nov-25,04-Nov-25,,,
010965012-Medha Sub Division Office Coll.,03-Nov-25,B06766,0005918,01,0965,5,196530000992,CASH,-----------------------, ----------,---------,------,,160,Y,Y,--------,N,Occs,,,,03-Nov-25,04-Nov-25,,,
010965012-Medha Sub Division Office Coll.,03-Nov-25,B06766,0005919,01,0965,5,195891935663,CASH,-----------------------, ----------,---------,------,,480,Y,Y,--------,N,Occs,,,,03-Nov-25,04-Nov-25,,,
010965012-Medha Sub Division Office Coll.,03-Nov-25,B06766,0005920,01,0965,5,195621934932,CASH,-----------------------, ----------,---------,------,,1220,Y,Y,--------,N,Occs,,,,03-Nov-25,04-Nov-25,,,
010965012-Medha Sub Division Office Coll.,03-Nov-25,B06766,0005921,01,0965,5,195011939100,CASH,-----------------------, ----------,---------,------,,420,Y,Y,--------,N,Occs,,,,03-Nov-25,04-Nov-25,,,
010965012-Medha Sub Division Office Coll.,03-Nov-25,B06766,0005922,01,0965,5,196911951781,CASH,-----------------------, ----------,---------,------,,380,Y,Y,--------,N,Occs,,,,03-Nov-25,04-Nov-25,,,
010965012-Medha Sub Division Office Coll.,03-Nov-25,B06766,0005923,01,0965,5,195200001376,CASH,-----------------------, ----------,---------,------,,670,Y,Y,--------,N,Occs,,,,03-Nov-25,04-Nov-25,,,
010965012-Medha Sub Division Office Coll.,03-Nov-25,B06766,0005924,01,0965,5,195570071047,CASH,-----------------------, ----------,---------,------,,500,Y,Y,--------,N,Occs,,,,03-Nov-25,04-Nov-25,,,
010965012-Medha Sub Division Office Coll.,03-Nov-25,B06766,0005925,01,0965,5,195570071454,CASH,-----------------------, ----------,---------,------,,320,Y,Y,--------,N,Occs,,,,03-Nov-25,04-Nov-25,,,
010965012-Medha Sub Division Office Coll.,03-Nov-25,B06766,0005926,01,0965,5,195570071489,CASH,-----------------------, ----------,---------,------,,210,Y,Y,--------,N,Occs,,,,03-Nov-25,04-Nov-25,,,
010965012-Medha Sub Division Office Coll.,03-Nov-25,B06766,0005927,01,0965,5,195290001418,CASH,-----------------------, ----------,---------,------,,490,Y,Y,--------,N,Occs,,,,03-Nov-25,04-Nov-25,,,
010965012-Medha Sub Division Office Coll.,03-Nov-25,B06766,0005928,01,0965,5,195010001957,CHEQUE,BANK OF BARODA,BARB0MEDHAX,415012508,000830,31-Oct-25,10000,Y,Y,--------,N,Occs,07-Nov-25,,,,08-Nov-25,,,
010965012-Medha Sub Division Office Coll.,03-Nov-25,B06766,0005929,01,0965,5,195010001329,CASH,-----------------------, ----------,---------,------,,1830,Y,Y,--------,N,Occs,,,,03-Nov-25,04-Nov-25,,,
010965012-Medha Sub Division Office Coll.,03-Nov-25,B06766,0005930,01,0965,5,195011987112,CASH,-----------------------, ----------,---------,------,,1340,Y,Y,--------,N,Occs,,,,03-Nov-25,04-Nov-25,,,
010965012-Medha Sub Division Office Coll.,03-Nov-25,B06766,0005931,01,0965,8,195150002384,NEFT,-----------------------, ----------,---------,------,,10800,Y,Y,--------,N,Occs,,,,03-Nov-25,04-Nov-25,,,
010965012-Medha Sub Division Office Coll.,03-Nov-25,B06766,0005932,01,0965,2,195820001082,CASH,-----------------------, ----------,---------,------,,1390,Y,Y,--------,N,Occs,,,,03-Nov-25,04-Nov-25,,,
010965012-Medha Sub Division Office Coll.,03-Nov-25,B06766,0005933,01,0965,5,195200001872,NEFT,-----------------------, ----------,---------,------,,930,Y,Y,--------,N,Occs,,,,03-Nov-25,04-Nov-25,,,
010965012-Medha Sub Division Office Coll.,03-Nov-25,B06766,0005934,01,0965,5,195011933748,CASH,-----------------------, ----------,---------,------,,580,Y,Y,--------,N,Occs,,,,03-Nov-25,04-Nov-25,,,
010965012-Medha Sub Division Office Coll.,03-Nov-25,B06766,0005935,01,0965,5,196071934227,CASH,-----------------------, ----------,---------,------,,560,Y,Y,--------,N,Occs,,,,03-Nov-25,04-Nov-25,,,
010965012-Medha Sub Division Office Coll.,03-Nov-25,B06766,0005936,01,0965,5,196070000891,CASH,-----------------------, ----------,---------,------,,560,Y,Y,--------,N,Occs,,,,03-Nov-25,04-Nov-25,,,
010965012-Medha Sub Division Office Coll.,03-Nov-25,B06766,0005937,01,0965,5,195501925930,CASH,-----------------------, ----------,---------,------,,410,Y,Y,--------,N,Occs,,,,03-Nov-25,04-Nov-25,,,
010965012-Medha Sub Division Office Coll.,03-Nov-25,B06766,0005938,01,0965,5,195280000901,CASH,-----------------------, ----------,---------,------,,420,Y,Y,--------,N,Occs,,,,03-Nov-25,04-Nov-25,,,
010965012-Medha Sub Division Office Coll.,03-Nov-25,B06766,0005939,01,0965,5,195551936070,CASH,-----------------------, ----------,---------,------,,1300,Y,Y,--------,N,Occs,,,,03-Nov-25,04-Nov-25,,,
010965012-Medha Sub Division Office Coll.,03-Nov-25,B06766,0005940,01,0965,5,196351924511,CASH,-----------------------, ----------,---------,------,,350,Y,Y,--------,N,Occs,,,,03-Nov-25,04-Nov-25,,,
010965012-Medha Sub Division Office Coll.,03-Nov-25,B06766,0005941,01,0965,5,187170001012,CASH,-----------------------, ----------,---------,------,,800,Y,Y,--------,N,Occs,,,,03-Nov-25,04-Nov-25,,,
010965012-Medha Sub Division Office Coll.,03-Nov-25,B06766,0005942,01,0965,5,195010054465,CASH,-----------------------, ----------,---------,------,,320,Y,Y,--------,N,Occs,,,,03-Nov-25,04-Nov-25,,,
010965012-Medha Sub Division Office Coll.,03-Nov-25,B06766,0005943,01,0965,1,190430006430,CASH,-----------------------, ----------,---------,------,,160,Y,Y,--------,N,Occs,,,,03-Nov-25,04-Nov-25,,,
010965012-Medha Sub Division Office Coll.,03-Nov-25,B06766,0005944,01,0965,2,196510002280,NEFT,-----------------------, ----------,---------,------,,13450,Y,Y,--------,N,Occs,,,,03-Nov-25,04-Nov-25,,,
010965012-Medha Sub Division Office Coll.,03-Nov-25,B06766,0005945,01,0965,2,196511949485,NEFT,-----------------------, ----------,---------,------,,17130,Y,Y,--------,N,Occs,,,,03-Nov-25,04-Nov-25,,,
010965012-Medha Sub Division Office Coll.,03-Nov-25,B06766,0005946,01,0965,5,195500002447,CASH,-----------------------, ----------,---------,------,,100,Y,Y,--------,N,Occs,,,,03-Nov-25,04-Nov-25,,,
010965012-Medha Sub Division Office Coll.,03-Nov-25,B06766,0005947,01,0965,5,196790122200,CASH,-----------------------, ----------,---------,------,,180,Y,Y,--------,N,Occs,,,,03-Nov-25,04-Nov-25,,,
010965012-Medha Sub Division Office Coll.,03-Nov-25,B06766,0005948,01,0965,0,196791932485,CASH,-----------------------, ----------,---------,------,,580,Y,Y,--------,N,Occs,,,,03-Nov-25,04-Nov-25,,,
010965012-Medha Sub Division Office Coll.,03-Nov-25,B06766,0005949,01,0965,5,196790121467,CASH,-----------------------, ----------,---------,------,,490,Y,Y,--------,N,Occs,,,,03-Nov-25,04-Nov-25,,,
010965012-Medha Sub Division Office Coll.,03-Nov-25,B06766,0005950,01,0965,5,195580071738,CASH,-----------------------, ----------,---------,------,,290,Y,Y,--------,N,Occs,,,,03-Nov-25,04-Nov-25,,,
010965012-Medha Sub Division Office Coll.,03-Nov-25,B06766,0005951,05,0965,6,196190001484,NEFT,-----------------------, ----------,---------,------,,1090,Y,Y,--------,N,Occs,,,,03-Nov-25,04-Nov-25,,,
010965012-Medha Sub Division Office Coll.,03-Nov-25,B06766,0005951,01,0965,6,196190001484,NEFT,-----------------------, ----------,---------,------,,4410,Y,Y,--------,N,Occs,,,,03-Nov-25,04-Nov-25,,,
020965017-Kai Lalsingrao Shinde Gr.Bid.S.S.Pat.Ltd Kudal Br. Kudal,03-Nov-25,B08535,0158946,01,0965,1,195880090378,CASH,-----------------------, ----------,---------,------,,530,Y,Y,--------,N,Occs,,,,03-Nov-25,04-Nov-25,,,
020965017-Kai Lalsingrao Shinde Gr.Bid.S.S.Pat.Ltd Kudal Br. Kudal,03-Nov-25,B08535,0158947,01,0965,1,195881964444,CASH,-----------------------, ----------,---------,------,,210,Y,Y,--------,N,Occs,,,,03-Nov-25,04-Nov-25,,,
020965017-Kai Lalsingrao Shinde Gr.Bid.S.S.Pat.Ltd Kudal Br. Kudal,03-Nov-25,B08535,0158948,01,0965,1,195880090530,CASH,-----------------------, ----------,---------,------,,320,Y,Y,--------,N,Occs,,,,03-Nov-25,04-Nov-25,,,
020965017-Kai Lalsingrao Shinde Gr.Bid.S.S.Pat.Ltd Kudal Br. Kudal,03-Nov-25,B08535,0158949,01,0965,8,195041985246,CASH,-----------------------, ----------,---------,------,,120,Y,Y,--------,N,Occs,,,,03-Nov-25,04-Nov-25,,,
020965017-Kai Lalsingrao Shinde Gr.Bid.S.S.Pat.Ltd Kudal Br. Kudal,03-Nov-25,B08535,0158950,01,0965,8,195141950695,CASH,-----------------------, ----------,---------,------,,340,Y,Y,--------,N,Occs,,,,03-Nov-25,04-Nov-25,,,
020965017-Kai Lalsingrao Shinde Gr.Bid.S.S.Pat.Ltd Kudal Br. Kudal,03-Nov-25,B08535,0158951,01,0965,8,195140001461,CASH,-----------------------, ----------,---------,------,,210,Y,Y,--------,N,Occs,,,,03-Nov-25,04-Nov-25,,,
020965017-Kai Lalsingrao Shinde Gr.Bid.S.S.Pat.Ltd Kudal Br. Kudal,03-Nov-25,B08535,0158952,01,0965,8,195141949395,CASH,-----------------------, ----------,---------,------,,400,Y,Y,--------,N,Occs,,,,03-Nov-25,04-Nov-25,,,
020965017-Kai Lalsingrao Shinde Gr.Bid.S.S.Pat.Ltd Kudal Br. Kudal,03-Nov-25,B08535,0158953,01,0965,8,195490000904,CASH,-----------------------, ----------,---------,------,,470,Y,Y,--------,N,Occs,,,,03-Nov-25,04-Nov-25,,,
020965017-Kai Lalsingrao Shinde Gr.Bid.S.S.Pat.Ltd Kudal Br. Kudal,03-Nov-25,B08535,0158954,01,0965,1,195870089843,CASH,-----------------------, ----------,---------,------,,400,Y,Y,--------,N,Occs,,,,03-Nov-25,04-Nov-25,,,
020965017-Kai Lalsingrao Shinde Gr.Bid.S.S.Pat.Ltd Kudal Br. Kudal,03-Nov-25,B08535,0158955,01,0965,8,195490001030,CASH,-----------------------, ----------,---------,------,,310,Y,Y,--------,N,Occs,,,,03-Nov-25,04-Nov-25,,,
020965017-Kai Lalsingrao Shinde Gr.Bid.S.S.Pat.Ltd Kudal Br. Kudal,03-Nov-25,B08535,0158956,01,0965,8,195490001340,CASH,-----------------------, ----------,---------,------,,460,Y,Y,--------,N,Occs,,,,03-Nov-25,04-Nov-25,,,
020965017-Kai Lalsingrao Shinde Gr.Bid.S.S.Pat.Ltd Kudal Br. Kudal,03-Nov-25,B08535,0158957,01,0965,1,195870089878,CASH,-----------------------, ----------,---------,------,,200,Y,Y,--------,N,Occs,,,,03-Nov-25,04-Nov-25,,,
020965017-Kai Lalsingrao Shinde Gr.Bid.S.S.Pat.Ltd Kudal Br. Kudal,03-Nov-25,B08535,0158958,01,0965,1,195871969456,CASH,-----------------------, ----------,---------,------,,280,Y,Y,--------,N,Occs,,,,03-Nov-25,04-Nov-25,,,
020965017-Kai Lalsingrao Shinde Gr.Bid.S.S.Pat.Ltd Kudal Br. Kudal,03-Nov-25,B08535,0158959,01,0965,1,195870000061,CASH,-----------------------, ----------,---------,------,,350,Y,Y,--------,N,Occs,,,,03-Nov-25,04-Nov-25,,,
020965017-Kai Lalsingrao Shinde Gr.Bid.S.S.Pat.Ltd Kudal Br. Kudal,03-Nov-25,B08535,0158960,01,0965,1,195870089657,CASH,-----------------------, ----------,---------,------,,210,Y,Y,--------,N,Occs,,,,03-Nov-25,04-Nov-25,,,
020965017-Kai Lalsingrao Shinde Gr.Bid.S.S.Pat.Ltd Kudal Br. Kudal,03-Nov-25,B08535,0158961,01,0965,1,195870001776,CASH,-----------------------, ----------,---------,------,,130,Y,Y,--------,N,Occs,,,,03-Nov-25,04-Nov-25,,,
020965017-Kai Lalsingrao Shinde Gr.Bid.S.S.Pat.Ltd Kudal Br. Kudal,03-Nov-25,B08535,0158962,01,0965,1,195870002209,CASH,-----------------------, ----------,---------,------,,400,Y,Y,--------,N,Occs,,,,03-Nov-25,04-Nov-25,,,
020965017-Kai Lalsingrao Shinde Gr.Bid.S.S.Pat.Ltd Kudal Br. Kudal,03-Nov-25,B08535,0158963,01,0965,8,195041951686,CASH,-----------------------, ----------,---------,------,,660,Y,Y,--------,N,Occs,,,,03-Nov-25,04-Nov-25,,,
020965017-Kai Lalsingrao Shinde Gr.Bid.S.S.Pat.Ltd Kudal Br. Kudal,03-Nov-25,B08535,0158964,01,0965,8,195491924824,CASH,-----------------------, ----------,---------,------,,680,Y,Y,--------,N,Occs,,,,03-Nov-25,04-Nov-25,,,
020965017-Kai Lalsingrao Shinde Gr.Bid.S.S.Pat.Ltd Kudal Br. Kudal,03-Nov-25,B08535,0158965,01,0965,2,195230000765,CASH,-----------------------, ----------,---------,------,,710,Y,Y,--------,N,Occs,,,,03-Nov-25,04-Nov-25,,,
020965017-Kai Lalsingrao Shinde Gr.Bid.S.S.Pat.Ltd Kudal Br. Kudal,03-Nov-25,B08535,0158966,01,0965,1,195871969031,CASH,-----------------------, ----------,---------,------,,520,Y,Y,--------,N,Occs,,,,03-Nov-25,04-Nov-25,,,
020965017-Kai Lalsingrao Shinde Gr.Bid.S.S.Pat.Ltd Kudal Br. Kudal,03-Nov-25,B08535,0158967,01,0965,1,195870089835,CASH,-----------------------, ----------,---------,------,,460,Y,Y,--------,N,Occs,,,,03-Nov-25,04-Nov-25,,,
020965017-Kai Lalsingrao Shinde Gr.Bid.S.S.Pat.Ltd Kudal Br. Kudal,03-Nov-25,B08535,0158968,01,0965,1,195870001610,CASH,-----------------------, ----------,---------,------,,3630,Y,Y,--------,N,Occs,,,,03-Nov-25,04-Nov-25,,,
020965017-Kai Lalsingrao Shinde Gr.Bid.S.S.Pat.Ltd Kudal Br. Kudal,03-Nov-25,B08535,0158969,01,0965,0,195870000711,CASH,-----------------------, ----------,---------,------,,1210,Y,Y,--------,N,Occs,,,,03-Nov-25,04-Nov-25,,,
020965017-Kai Lalsingrao Shinde Gr.Bid.S.S.Pat.Ltd Kudal Br. Kudal,03-Nov-25,B08535,0158970,01,0965,1,195870089487,CASH,-----------------------, ----------,---------,------,,930,Y,Y,--------,N,Occs,,,,03-Nov-25,04-Nov-25,,,
020965017-Kai Lalsingrao Shinde Gr.Bid.S.S.Pat.Ltd Kudal Br. Kudal,03-Nov-25,B08535,0158971,01,0965,8,195040018421,CASH,-----------------------, ----------,---------,------,,1110,Y,Y,--------,N,Occs,,,,03-Nov-25,04-Nov-25,,,
020965017-Kai Lalsingrao Shinde Gr.Bid.S.S.Pat.Ltd Kudal Br. Kudal,03-Nov-25,B08535,0158972,01,0965,8,195111945719,CASH,-----------------------, ----------,---------,------,,2980,Y,Y,--------,N,Occs,,,,03-Nov-25,04-Nov-25,,,
020965017-Kai Lalsingrao Shinde Gr.Bid.S.S.Pat.Ltd Kudal Br. Kudal,03-Nov-25,B08535,0158973,01,0965,8,195040046793,CASH,-----------------------, ----------,---------,------,,370,Y,Y,--------,N,Occs,,,,03-Nov-25,04-Nov-25,,,
020965018-Kai Lalsingrao Shinde Gr.Big.Sheti Sah.Pat.Ltd. Br. Medha,03-Nov-25,B06425,0117591,01,0965,5,195740001324,CASH,-----------------------, ----------,---------,------,,930,Y,Y,--------,N,Occs,,,,03-Nov-25,04-Nov-25,,,
020965018-Kai Lalsingrao Shinde Gr.Big.Sheti Sah.Pat.Ltd. Br. Medha,03-Nov-25,B06425,0117592,01,0965,5,196800001058,CASH,-----------------------, ----------,---------,------,,390,Y,Y,--------,N,Occs,,,,03-Nov-25,04-Nov-25,,,
020965018-Kai Lalsingrao Shinde Gr.Big.Sheti Sah.Pat.Ltd. Br. Medha,03-Nov-25,B06425,0117593,01,0965,5,196800001066,CASH,-----------------------, ----------,---------,------,,1120,Y,Y,--------,N,Occs,,,,03-Nov-25,04-Nov-25,,,
020965018-Kai Lalsingrao Shinde Gr.Big.Sheti Sah.Pat.Ltd. Br. Medha,03-Nov-25,B06425,0117594,01,0965,5,195240000763,CASH,-----------------------, ----------,---------,------,,130,Y,Y,--------,N,Occs,,,,03-Nov-25,04-Nov-25,,,
020965018-Kai Lalsingrao Shinde Gr.Big.Sheti Sah.Pat.Ltd. Br. Medha,03-Nov-25,B06425,0117595,01,0965,5,195240001409,CASH,-----------------------, ----------,---------,------,,610,Y,Y,--------,N,Occs,,,,03-Nov-25,04-Nov-25,,,
020965018-Kai Lalsingrao Shinde Gr.Big.Sheti Sah.Pat.Ltd. Br. Medha,03-Nov-25,B06425,0117596,01,0965,5,195240000640,CASH,-----------------------, ----------,---------,------,,220,Y,Y,--------,N,Occs,,,,03-Nov-25,04-Nov-25,,,
020965018-Kai Lalsingrao Shinde Gr.Big.Sheti Sah.Pat.Ltd. Br. Medha,03-Nov-25,B06425,0117597,01,0965,5,196790001879,CASH,-----------------------, ----------,---------,------,,490,Y,Y,--------,N,Occs,,,,03-Nov-25,04-Nov-25,,,
020965018-Kai Lalsingrao Shinde Gr.Big.Sheti Sah.Pat.Ltd. Br. Medha,03-Nov-25,B06425,0117598,01,0965,1,196250106922,CASH,-----------------------, ----------,---------,------,,180,Y,Y,--------,N,Occs,,,,03-Nov-25,04-Nov-25,,,
020965018-Kai Lalsingrao Shinde Gr.Big.Sheti Sah.Pat.Ltd. Br. Medha,03-Nov-25,B06425,0117599,01,0965,6,196710000851,CASH,-----------------------, ----------,---------,------,,390,Y,Y,--------,N,Occs,,,,03-Nov-25,04-Nov-25,,,
020965018-Kai Lalsingrao Shinde Gr.Big.Sheti Sah.Pat.Ltd. Br. Medha,03-Nov-25,B06425,0117600,01,0965,5,195011901030,CASH,-----------------------, ----------,---------,------,,1190,Y,Y,--------,N,Occs,,,,03-Nov-25,04-Nov-25,,,
020965018-Kai Lalsingrao Shinde Gr.Big.Sheti Sah.Pat.Ltd. Br. Medha,03-Nov-25,B06425,0117601,01,0965,1,196250106957,CASH,-----------------------, ----------,---------,------,,170,Y,Y,--------,N,Occs,,,,03-Nov-25,04-Nov-25,,,
020965018-Kai Lalsingrao Shinde Gr.Big.Sheti Sah.Pat.Ltd. Br. Medha,03-Nov-25,B06425,0117602,01,0965,5,195480001953,CASH,-----------------------, ----------,---------,------,,180,Y,Y,--------,N,Occs,,,,03-Nov-25,04-Nov-25,,,
020965018-Kai Lalsingrao Shinde Gr.Big.Sheti Sah.Pat.Ltd. Br. Medha,03-Nov-25,B06425,0117603,01,0965,5,195830084792,CASH,-----------------------, ----------,---------,------,,210,Y,Y,--------,N,Occs,,,,03-Nov-25,04-Nov-25,,,
020965018-Kai Lalsingrao Shinde Gr.Big.Sheti Sah.Pat.Ltd. Br. Medha,03-Nov-25,B06425,0117604,01,0965,8,195260048843,CASH,-----------------------, ----------,---------,------,,220,Y,Y,--------,N,Occs,,,,03-Nov-25,04-Nov-25,,,
020965018-Kai Lalsingrao Shinde Gr.Big.Sheti Sah.Pat.Ltd. Br. Medha,03-Nov-25,B06425,0117605,01,0965,5,196781904858,CASH,-----------------------, ----------,---------,------,,200,Y,Y,--------,N,Occs,,,,03-Nov-25,04-Nov-25,,,
020965018-Kai Lalsingrao Shinde Gr.Big.Sheti Sah.Pat.Ltd. Br. Medha,03-Nov-25,B06425,0117606,01,0965,5,195570000875,CASH,-----------------------, ----------,---------,------,,50,Y,Y,--------,N,Occs,,,,03-Nov-25,04-Nov-25,,,
020965018-Kai Lalsingrao Shinde Gr.Big.Sheti Sah.Pat.Ltd. Br. Medha,03-Nov-25,B06425,0117607,01,0965,5,195571925023,CASH,-----------------------, ----------,---------,------,,200,Y,Y,--------,N,Occs,,,,03-Nov-25,04-Nov-25,,,
020965018-Kai Lalsingrao Shinde Gr.Big.Sheti Sah.Pat.Ltd. Br. Medha,03-Nov-25,B06425,0117608,01,0965,5,196800122459,CASH,-----------------------, ----------,---------,------,,240,Y,Y,--------,N,Occs,,,,03-Nov-25,04-Nov-25,,,
020965018-Kai Lalsingrao Shinde Gr.Big.Sheti Sah.Pat.Ltd. Br. Medha,03-Nov-25,B06425,0117609,01,0965,5,195500065775,CASH,-----------------------, ----------,---------,------,,180,Y,Y,--------,N,Occs,,,,03-Nov-25,04-Nov-25,,,
020965018-Kai Lalsingrao Shinde Gr.Big.Sheti Sah.Pat.Ltd. Br. Medha,03-Nov-25,B06425,0117610,01,0965,5,195831903860,CASH,-----------------------, ----------,---------,------,,240,Y,Y,--------,N,Occs,,,,03-Nov-25,04-Nov-25,,,
020965018-Kai Lalsingrao Shinde Gr.Big.Sheti Sah.Pat.Ltd. Br. Medha,03-Nov-25,B06425,0117611,01,0965,5,196790121513,CASH,-----------------------, ----------,---------,------,,130,Y,Y,--------,N,Occs,,,,03-Nov-25,04-Nov-25,,,
020965018-Kai Lalsingrao Shinde Gr.Big.Sheti Sah.Pat.Ltd. Br. Medha,03-Nov-25,B06425,0117612,01,0965,5,195011953528,CASH,-----------------------, ----------,---------,------,,790,Y,Y,--------,N,Occs,,,,03-Nov-25,04-Nov-25,,,
020965018-Kai Lalsingrao Shinde Gr.Big.Sheti Sah.Pat.Ltd. Br. Medha,03-Nov-25,B06425,0117613,01,0965,5,195011986442,CASH,-----------------------, ----------,---------,------,,420,Y,Y,--------,N,Occs,,,,03-Nov-25,04-Nov-25,,,
020965018-Kai Lalsingrao Shinde Gr.Big.Sheti Sah.Pat.Ltd. Br. Medha,03-Nov-25,B06425,0117614,01,0965,5,195010011332,CASH,-----------------------, ----------,---------,------,,650,Y,Y,--------,N,Occs,,,,03-Nov-25,04-Nov-25,,,
020965018-Kai Lalsingrao Shinde Gr.Big.Sheti Sah.Pat.Ltd. Br. Medha,03-Nov-25,B06425,0117615,01,0965,5,195480064084,CASH,-----------------------, ----------,---------,------,,410,Y,Y,--------,N,Occs,,,,03-Nov-25,04-Nov-25,,,
020965018-Kai Lalsingrao Shinde Gr.Big.Sheti Sah.Pat.Ltd. Br. Medha,03-Nov-25,B06425,0117616,01,0965,5,195471920342,CASH,-----------------------, ----------,---------,------,,200,Y,Y,--------,N,Occs,,,,03-Nov-25,04-Nov-25,,,
020965018-Kai Lalsingrao Shinde Gr.Big.Sheti Sah.Pat.Ltd. Br. Medha,03-Nov-25,B06425,0117617,01,0965,1,195940094548,CASH,-----------------------, ----------,---------,------,,230,Y,Y,--------,N,Occs,,,,03-Nov-25,04-Nov-25,,,
020965018-Kai Lalsingrao Shinde Gr.Big.Sheti Sah.Pat.Ltd. Br. Medha,03-Nov-25,B06425,0117618,01,0965,1,195940094556,CASH,-----------------------, ----------,---------,------,,220,Y,Y,--------,N,Occs,,,,03-Nov-25,04-Nov-25,,,
020965018-Kai Lalsingrao Shinde Gr.Big.Sheti Sah.Pat.Ltd. Br. Medha,03-Nov-25,B06425,0117619,01,0965,5,195830000629,CASH,-----------------------, ----------,---------,------,,350,Y,Y,--------,N,Occs,,,,03-Nov-25,04-Nov-25,,,
020965018-Kai Lalsingrao Shinde Gr.Big.Sheti Sah.Pat.Ltd. Br. Medha,03-Nov-25,B06425,0117620,01,0965,5,195011988542,CASH,-----------------------, ----------,---------,------,,540,Y,Y,--------,N,Occs,,,,03-Nov-25,04-Nov-25,,,
020965018-Kai Lalsingrao Shinde Gr.Big.Sheti Sah.Pat.Ltd. Br. Medha,03-Nov-25,B06425,0117621,01,0965,5,195741903267,CASH,-----------------------, ----------,---------,------,,290,Y,Y,--------,N,Occs,,,,03-Nov-25,04-Nov-25,,,
020965018-Kai Lalsingrao Shinde Gr.Big.Sheti Sah.Pat.Ltd. Br. Medha,03-Nov-25,B06425,0117622,01,0965,5,195671913855,CASH,-----------------------, ----------,---------,------,,300,Y,Y,--------,N,Occs,,,,03-Nov-25,04-Nov-25,,,
020965018-Kai Lalsingrao Shinde Gr.Big.Sheti Sah.Pat.Ltd. Br. Medha,03-Nov-25,B06425,0117623,01,0965,5,195670077115,CASH,-----------------------, ----------,---------,------,,310,Y,Y,--------,N,Occs,,,,03-Nov-25,04-Nov-25,,,
020965018-Kai Lalsingrao Shinde Gr.Big.Sheti Sah.Pat.Ltd. Br. Medha,03-Nov-25,B06425,0117624,01,0965,5,196791910589,CASH,-----------------------, ----------,---------,------,,250,Y,Y,--------,N,Occs,,,,03-Nov-25,04-Nov-25,,,
020965018-Kai Lalsingrao Shinde Gr.Big.Sheti Sah.Pat.Ltd. Br. Medha,03-Nov-25,B06425,0117625,01,0965,5,195530067675,CASH,-----------------------, ----------,---------,------,,180,Y,Y,--------,N,Occs,,,,03-Nov-25,04-Nov-25,,,
020965018-Kai Lalsingrao Shinde Gr.Big.Sheti Sah.Pat.Ltd. Br. Medha,03-Nov-25,B06425,0117626,01,0965,6,195960001023,CASH,-----------------------, ----------,---------,------,,180,Y,Y,--------,N,Occs,,,,03-Nov-25,04-Nov-25,,,
020965018-Kai Lalsingrao Shinde Gr.Big.Sheti Sah.Pat.Ltd. Br. Medha,03-Nov-25,B06425,0117627,01,0965,6,195101996251,CASH,-----------------------, ----------,---------,------,,520,Y,Y,--------,N,Occs,,,,03-Nov-25,04-Nov-25,,,
020965018-Kai Lalsingrao Shinde Gr.Big.Sheti Sah.Pat.Ltd. Br. Medha,03-Nov-25,B06425,0117628,01,0965,6,195960001252,CASH,-----------------------, ----------,---------,------,,100,Y,Y,--------,N,Occs,,,,03-Nov-25,04-Nov-25,,,
020965018-Kai Lalsingrao Shinde Gr.Big.Sheti Sah.Pat.Ltd. Br. Medha,03-Nov-25,B06425,0117629,01,0965,5,195010001868,CASH,-----------------------, ----------,---------,------,,390,Y,Y,--------,N,Occs,,,,03-Nov-25,04-Nov-25,,,
020965018-Kai Lalsingrao Shinde Gr.Big.Sheti Sah.Pat.Ltd. Br. Medha,03-Nov-25,B06425,0117630,01,0965,5,195320000845,CASH,-----------------------, ----------,---------,------,,370,Y,Y,--------,N,Occs,,,,03-Nov-25,04-Nov-25,,,
020965018-Kai Lalsingrao Shinde Gr.Big.Sheti Sah.Pat.Ltd. Br. Medha,03-Nov-25,B06425,0117631,01,0965,5,195320001876,CASH,-----------------------, ----------,---------,------,,160,Y,Y,--------,N,Occs,,,,03-Nov-25,04-Nov-25,,,
020965018-Kai Lalsingrao Shinde Gr.Big.Sheti Sah.Pat.Ltd. Br. Medha,03-Nov-25,B06425,0117632,01,0965,5,195501911602,CASH,-----------------------, ----------,---------,------,,260,Y,Y,--------,N,Occs,,,,03-Nov-25,04-Nov-25,,,
020965018-Kai Lalsingrao Shinde Gr.Big.Sheti Sah.Pat.Ltd. Br. Medha,03-Nov-25,B06425,0117633,01,0965,5,196530000887,CASH,-----------------------, ----------,---------,------,,340,Y,Y,--------,N,Occs,,,,03-Nov-25,04-Nov-25,,,
020965018-Kai Lalsingrao Shinde Gr.Big.Sheti Sah.Pat.Ltd. Br. Medha,03-Nov-25,B06425,0117634,01,0965,5,195741949003,CASH,-----------------------, ----------,---------,------,,290,Y,Y,--------,N,Occs,,,,03-Nov-25,04-Nov-25,,,
020965018-Kai Lalsingrao Shinde Gr.Big.Sheti Sah.Pat.Ltd. Br. Medha,03-Nov-25,B06425,0117635,01,0965,5,195471925123,CASH,-----------------------, ----------,---------,------,,530,Y,Y,--------,N,Occs,,,,03-Nov-25,04-Nov-25,,,
020965018-Kai Lalsingrao Shinde Gr.Big.Sheti Sah.Pat.Ltd. Br. Medha,03-Nov-25,B06425,0117636,01,0965,5,195500065589,CASH,-----------------------, ----------,---------,------,,160,Y,Y,--------,N,Occs,,,,03-Nov-25,04-Nov-25,,,
020965018-Kai Lalsingrao Shinde Gr.Big.Sheti Sah.Pat.Ltd. Br. Medha,03-Nov-25,B06425,0117637,01,0965,5,195011936372,CASH,-----------------------, ----------,---------,------,,570,Y,Y,--------,N,Occs,,,,03-Nov-25,04-Nov-25,,,
020965018-Kai Lalsingrao Shinde Gr.Big.Sheti Sah.Pat.Ltd. Br. Medha,03-Nov-25,B06425,0117638,01,0965,5,195240046089,CASH,-----------------------, ----------,---------,------,,160,Y,Y,--------,N,Occs,,,,03-Nov-25,04-Nov-25,,,
020965018-Kai Lalsingrao Shinde Gr.Big.Sheti Sah.Pat.Ltd. Br. Medha,03-Nov-25,B06425,0117639,01,0965,5,196931923571,CASH,-----------------------, ----------,---------,------,,360,Y,Y,--------,N,Occs,,,,03-Nov-25,04-Nov-25,,,
020965018-Kai Lalsingrao Shinde Gr.Big.Sheti Sah.Pat.Ltd. Br. Medha,03-Nov-25,B06425,0117640,01,0965,6,196711993616,CASH,-----------------------, ----------,---------,------,,270,Y,Y,--------,N,Occs,,,,03-Nov-25,04-Nov-25,,,
020965018-Kai Lalsingrao Shinde Gr.Big.Sheti Sah.Pat.Ltd. Br. Medha,03-Nov-25,B06425,0117641,01,0965,5,196800000833,CASH,-----------------------, ----------,---------,------,,440,Y,Y,--------,N,Occs,,,,03-Nov-25,04-Nov-25,,,
020965018-Kai Lalsingrao Shinde Gr.Big.Sheti Sah.Pat.Ltd. Br. Medha,03-Nov-25,B06425,0117642,01,0965,5,195011926288,CASH,-----------------------, ----------,---------,------,,270,Y,Y,--------,N,Occs,,,,03-Nov-25,04-Nov-25,,,
020965018-Kai Lalsingrao Shinde Gr.Big.Sheti Sah.Pat.Ltd. Br. Medha,03-Nov-25,B06425,0117643,01,0965,5,195011913143,CASH,-----------------------, ----------,---------,------,,530,Y,Y,--------,N,Occs,,,,03-Nov-25,04-Nov-25,,,
020965018-Kai Lalsingrao Shinde Gr.Big.Sheti Sah.Pat.Ltd. Br. Medha,03-Nov-25,B06425,0117644,01,0965,5,195281927847,CASH,-----------------------, ----------,---------,------,,610,Y,Y,--------,N,Occs,,,,03-Nov-25,04-Nov-25,,,
020965018-Kai Lalsingrao Shinde Gr.Big.Sheti Sah.Pat.Ltd. Br. Medha,03-Nov-25,B06425,0117645,01,0965,5,196230104907,CASH,-----------------------, ----------,---------,------,,480,Y,Y,--------,N,Occs,,,,03-Nov-25,04-Nov-25,,,
020965018-Kai Lalsingrao Shinde Gr.Big.Sheti Sah.Pat.Ltd. Br. Medha,03-Nov-25,B06425,0117646,01,0965,5,196630000639,CASH,-----------------------, ----------,---------,------,,240,Y,Y,--------,N,Occs,,,,03-Nov-25,04-Nov-25,,,
020965018-Kai Lalsingrao Shinde Gr.Big.Sheti Sah.Pat.Ltd. Br. Medha,03-Nov-25,B06425,0117647,01,0965,5,195791908448,CASH,-----------------------, ----------,---------,------,,450,Y,Y,--------,N,Occs,,,,03-Nov-25,04-Nov-25,,,
020965018-Kai Lalsingrao Shinde Gr.Big.Sheti Sah.Pat.Ltd. Br. Medha,03-Nov-25,B06425,0117648,01,0965,2,195541943566,CASH,-----------------------, ----------,---------,------,,430,Y,Y,--------,N,Occs,,,,03-Nov-25,04-Nov-25,,,
020965018-Kai Lalsingrao Shinde Gr.Big.Sheti Sah.Pat.Ltd. Br. Medha,03-Nov-25,B06425,0117649,01,0965,5,195240000968,CASH,-----------------------, ----------,---------,------,,170,Y,Y,--------,N,Occs,,,,03-Nov-25,04-Nov-25,,,
020965018-Kai Lalsingrao Shinde Gr.Big.Sheti Sah.Pat.Ltd. Br. Medha,03-Nov-25,B06425,0117650,01,0965,5,196801930052,CASH,-----------------------, ----------,---------,------,,130,Y,Y,--------,N,Occs,,,,03-Nov-25,04-Nov-25,,,
020965018-Kai Lalsingrao Shinde Gr.Big.Sheti Sah.Pat.Ltd. Br. Medha,03-Nov-25,B06425,0117651,01,0965,5,195010003844,CASH,-----------------------, ----------,---------,------,,790,Y,Y,--------,N,Occs,,,,03-Nov-25,04-Nov-25,,,
020965018-Kai Lalsingrao Shinde Gr.Big.Sheti Sah.Pat.Ltd. Br. Medha,03-Nov-25,B06425,0117652,01,0965,5,195570071373,CASH,-----------------------, ----------,---------,------,,130,Y,Y,--------,N,Occs,,,,03-Nov-25,04-Nov-25,,,
020965018-Kai Lalsingrao Shinde Gr.Big.Sheti Sah.Pat.Ltd. Br. Medha,03-Nov-25,B06425,0117653,01,0965,5,195571927808,CASH,-----------------------, ----------,---------,------,,570,Y,Y,--------,N,Occs,,,,03-Nov-25,04-Nov-25,,,
020965018-Kai Lalsingrao Shinde Gr.Big.Sheti Sah.Pat.Ltd. Br. Medha,03-Nov-25,B06425,0117654,01,0965,5,195670000627,CASH,-----------------------, ----------,---------,------,,260,Y,Y,--------,N,Occs,,,,03-Nov-25,04-Nov-25,,,
020965018-Kai Lalsingrao Shinde Gr.Big.Sheti Sah.Pat.Ltd. Br. Medha,03-Nov-25,B06425,0117655,01,0965,5,195890090856,CASH,-----------------------, ----------,---------,------,,160,Y,Y,--------,N,Occs,,,,03-Nov-25,04-Nov-25,,,
020965018-Kai Lalsingrao Shinde Gr.Big.Sheti Sah.Pat.Ltd. Br. Medha,03-Nov-25,B06425,0117656,05,0965,5,195010009559,CASH,-----------------------, ----------,---------,------,,1500,Y,Y,--------,N,Occs,,,,03-Nov-25,04-Nov-25,,,
020965018-Kai Lalsingrao Shinde Gr.Big.Sheti Sah.Pat.Ltd. Br. Medha,03-Nov-25,B06425,0117656,01,0965,5,195010009559,CASH,-----------------------, ----------,---------,------,,2330,Y,Y,--------,N,Occs,,,,03-Nov-25,04-Nov-25,,,
020965018-Kai Lalsingrao Shinde Gr.Big.Sheti Sah.Pat.Ltd. Br. Medha,03-Nov-25,B06425,0117657,01,0965,5,196230001431,CASH,-----------------------, ----------,---------,------,,130,Y,Y,--------,N,Occs,,,,03-Nov-25,04-Nov-25,,,
020965018-Kai Lalsingrao Shinde Gr.Big.Sheti Sah.Pat.Ltd. Br. Medha,03-Nov-25,B06425,0117658,01,0965,5,196230105067,CASH,-----------------------, ----------,---------,------,,280,Y,Y,--------,N,Occs,,,,03-Nov-25,04-Nov-25,,,
020965018-Kai Lalsingrao Shinde Gr.Big.Sheti Sah.Pat.Ltd. Br. Medha,03-Nov-25,B06425,0117659,01,0965,1,196250106752,CASH,-----------------------, ----------,---------,------,,210,Y,Y,--------,N,Occs,,,,03-Nov-25,04-Nov-25,,,
020965018-Kai Lalsingrao Shinde Gr.Big.Sheti Sah.Pat.Ltd. Br. Medha,03-Nov-25,B06425,0117660,01,0965,5,196620000941,CASH,-----------------------, ----------,---------,------,,540,Y,Y,--------,N,Occs,,,,03-Nov-25,04-Nov-25,,,
020965018-Kai Lalsingrao Shinde Gr.Big.Sheti Sah.Pat.Ltd. Br. Medha,03-Nov-25,B06425,0117661,01,0965,5,195321913429,CASH,-----------------------, ----------,---------,------,,1260,Y,Y,--------,N,Occs,,,,03-Nov-25,04-Nov-25,,,
020965018-Kai Lalsingrao Shinde Gr.Big.Sheti Sah.Pat.Ltd. Br. Medha,03-Nov-25,B06425,0117662,01,0965,5,195751943445,CASH,-----------------------, ----------,---------,------,,620,Y,Y,--------,N,Occs,,,,03-Nov-25,04-Nov-25,,,
020965018-Kai Lalsingrao Shinde Gr.Big.Sheti Sah.Pat.Ltd. Br. Medha,03-Nov-25,B06425,0117663,01,0965,5,195750081105,CASH,-----------------------, ----------,---------,------,,260,Y,Y,--------,N,Occs,,,,03-Nov-25,04-Nov-25,,,
020965018-Kai Lalsingrao Shinde Gr.Big.Sheti Sah.Pat.Ltd. Br. Medha,03-Nov-25,B06425,0117664,01,0965,5,196231912951,CASH,-----------------------, ----------,---------,------,,210,Y,Y,--------,N,Occs,,,,03-Nov-25,04-Nov-25,,,
020965018-Kai Lalsingrao Shinde Gr.Big.Sheti Sah.Pat.Ltd. Br. Medha,03-Nov-25,B06425,0117665,01,0965,5,196230001598,CASH,-----------------------, ----------,---------,------,,290,Y,Y,--------,N,Occs,,,,03-Nov-25,04-Nov-25,,,
020965018-Kai Lalsingrao Shinde Gr.Big.Sheti Sah.Pat.Ltd. Br. Medha,03-Nov-25,B06425,0117666,01,0965,5,195241911531,CASH,-----------------------, ----------,---------,------,,670,Y,Y,--------,N,Occs,,,,03-Nov-25,04-Nov-25,,,
020965018-Kai Lalsingrao Shinde Gr.Big.Sheti Sah.Pat.Ltd. Br. Medha,03-Nov-25,B06425,0117667,01,0965,5,196231935616,CASH,-----------------------, ----------,---------,------,,200,Y,Y,--------,N,Occs,,,,03-Nov-25,04-Nov-25,,,
020965018-Kai Lalsingrao Shinde Gr.Big.Sheti Sah.Pat.Ltd. Br. Medha,03-Nov-25,B06425,0117668,01,0965,5,195011941619,CASH,-----------------------, ----------,---------,------,,430,Y,Y,--------,N,Occs,,,,03-Nov-25,04-Nov-25,,,
020965018-Kai Lalsingrao Shinde Gr.Big.Sheti Sah.Pat.Ltd. Br. Medha,03-Nov-25,B06425,0117669,01,0965,5,195500001301,CASH,-----------------------, ----------,---------,------,,210,Y,Y,--------,N,Occs,,,,03-Nov-25,04-Nov-25,,,
020965018-Kai Lalsingrao Shinde Gr.Big.Sheti Sah.Pat.Ltd. Br. Medha,03-Nov-25,B06425,0117670,01,0965,5,196920127357,CASH,-----------------------, ----------,---------,------,,380,Y,Y,--------,N,Occs,,,,03-Nov-25,04-Nov-25,,,
020965018-Kai Lalsingrao Shinde Gr.Big.Sheti Sah.Pat.Ltd. Br. Medha,03-Nov-25,B06425,0117671,01,0965,1,195940094378,CASH,-----------------------, ----------,---------,------,,380,Y,Y,--------,N,Occs,,,,03-Nov-25,04-Nov-25,,,
020965018-Kai Lalsingrao Shinde Gr.Big.Sheti Sah.Pat.Ltd. Br. Medha,03-Nov-25,B06425,0117672,01,0965,5,196070099545,CASH,-----------------------, ----------,---------,------,,290,Y,Y,--------,N,Occs,,,,03-Nov-25,04-Nov-25,,,
020965018-Kai Lalsingrao Shinde Gr.Big.Sheti Sah.Pat.Ltd. Br. Medha,03-Nov-25,B06425,0117673,01,0965,5,195691933691,CASH,-----------------------, ----------,---------,------,,130,Y,Y,--------,N,Occs,,,,03-Nov-25,04-Nov-25,,,
020965018-Kai Lalsingrao Shinde Gr.Big.Sheti Sah.Pat.Ltd. Br. Medha,03-Nov-25,B06425,0117674,01,0965,5,195780000029,CASH,-----------------------, ----------,---------,------,,160,Y,Y,--------,N,Occs,,,,03-Nov-25,04-Nov-25,,,
020965018-Kai Lalsingrao Shinde Gr.Big.Sheti Sah.Pat.Ltd. Br. Medha,03-Nov-25,B06425,0117675,01,0965,0,196790121432,CASH,-----------------------, ----------,---------,------,,2100,Y,Y,--------,N,Occs,,,,03-Nov-25,04-Nov-25,,,
020965019-SHRI DATTATRAY MAHARAJ KALAMBE SAH. PAT. LTD.DAPAWADI,03-Nov-25,B09066,0083316,01,0965,2,195590071922,CASH,-----------------------, ----------,---------,------,,580,Y,Y,--------,N,Occs,,,,03-Nov-25,04-Nov-25,,,
020965019-SHRI DATTATRAY MAHARAJ KALAMBE SAH. PAT. LTD.DAPAWADI,03-Nov-25,B09066,0083317,01,0965,2,195860087168,CASH,-----------------------, ----------,---------,------,,3950,Y,Y,--------,N,Occs,,,,03-Nov-25,04-Nov-25,,,
020965019-SHRI DATTATRAY MAHARAJ KALAMBE SAH. PAT. LTD.DAPAWADI,03-Nov-25,B09066,0083317,05,0965,2,195860087168,CASH,-----------------------, ----------,---------,------,,750,Y,Y,--------,N,Occs,,,,03-Nov-25,04-Nov-25,,,
020965019-SHRI DATTATRAY MAHARAJ KALAMBE SAH. PAT. LTD.DAPAWADI,03-Nov-25,B09066,0083318,01,0965,2,195330001157,CASH,-----------------------, ----------,---------,------,,1290,Y,Y,--------,N,Occs,,,,03-Nov-25,04-Nov-25,,,
020965019-SHRI DATTATRAY MAHARAJ KALAMBE SAH. PAT. LTD.DAPAWADI,03-Nov-25,B09066,0083319,01,0965,2,195900092071,CASH,-----------------------, ----------,---------,------,,640,Y,Y,--------,N,Occs,,,,03-Nov-25,04-Nov-25,,,
020965019-SHRI DATTATRAY MAHARAJ KALAMBE SAH. PAT. LTD.DAPAWADI,03-Nov-25,B09066,0083320,01,0965,2,195900092232,CASH,-----------------------, ----------,---------,------,,300,Y,Y,--------,N,Occs,,,,03-Nov-25,04-Nov-25,,,
020965019-SHRI DATTATRAY MAHARAJ KALAMBE SAH. PAT. LTD.DAPAWADI,03-Nov-25,B09066,0083321,01,0965,2,195901959426,CASH,-----------------------, ----------,---------,------,,420,Y,Y,--------,N,Occs,,,,03-Nov-25,04-Nov-25,,,
020965019-SHRI DATTATRAY MAHARAJ KALAMBE SAH. PAT. LTD.DAPAWADI,03-Nov-25,B09066,0083322,01,0965,2,195900092151,CASH,-----------------------, ----------,---------,------,,130,Y,Y,--------,N,Occs,,,,03-Nov-25,04-Nov-25,,,
020965019-SHRI DATTATRAY MAHARAJ KALAMBE SAH. PAT. LTD.DAPAWADI,03-Nov-25,B09066,0083323,01,0965,2,195591960836,CASH,-----------------------, ----------,---------,------,,300,Y,Y,--------,N,Occs,,,,03-Nov-25,04-Nov-25,,,
020965019-SHRI DATTATRAY MAHARAJ KALAMBE SAH. PAT. LTD.DAPAWADI,03-Nov-25,B09066,0083324,01,0965,2,195860088377,CASH,-----------------------, ----------,---------,------,,310,Y,Y,--------,N,Occs,,,,03-Nov-25,04-Nov-25,,,
020965019-SHRI DATTATRAY MAHARAJ KALAMBE SAH. PAT. LTD.DAPAWADI,03-Nov-25,B09066,0083325,01,0965,2,195541958971,CASH,-----------------------, ----------,---------,------,,190,Y,Y,--------,N,Occs,,,,03-Nov-25,04-Nov-25,,,
020965019-SHRI DATTATRAY MAHARAJ KALAMBE SAH. PAT. LTD.DAPAWADI,03-Nov-25,B09066,0083326,01,0973,2,211670129447,CASH,-----------------------, ----------,---------,------,,440,Y,Y,--------,N,Occs,,,,03-Nov-25,04-Nov-25,,,
020965019-SHRI DATTATRAY MAHARAJ KALAMBE SAH. PAT. LTD.DAPAWADI,03-Nov-25,B09066,0083327,01,0973,6,194410098066,CASH,-----------------------, ----------,---------,------,,480,Y,Y,--------,N,Occs,,,,03-Nov-25,04-Nov-25,,,
020965019-SHRI DATTATRAY MAHARAJ KALAMBE SAH. PAT. LTD.DAPAWADI,03-Nov-25,B09066,0083328,01,0973,6,194342076768,CASH,-----------------------, ----------,---------,------,,280,Y,Y,--------,N,Occs,,,,03-Nov-25,04-Nov-25,,,
020965019-SHRI DATTATRAY MAHARAJ KALAMBE SAH. PAT. LTD.DAPAWADI,03-Nov-25,B09066,0083329,01,0973,6,194340114361,CASH,-----------------------, ----------,---------,------,,470,Y,Y,--------,N,Occs,,,,03-Nov-25,04-Nov-25,,,
020965019-SHRI DATTATRAY MAHARAJ KALAMBE SAH. PAT. LTD.DAPAWADI,03-Nov-25,B09066,0083330,01,0965,2,196510114487,CASH,-----------------------, ----------,---------,------,,450,Y,Y,--------,N,Occs,,,,03-Nov-25,04-Nov-25,,,
020965019-SHRI DATTATRAY MAHARAJ KALAMBE SAH. PAT. LTD.DAPAWADI,03-Nov-25,B09066,0083331,01,0965,2,196510114703,CASH,-----------------------, ----------,---------,------,,860,Y,Y,--------,N,Occs,,,,03-Nov-25,04-Nov-25,,,
020965019-SHRI DATTATRAY MAHARAJ KALAMBE SAH. PAT. LTD.DAPAWADI,03-Nov-25,B09066,0083332,01,0973,2,194572111856,CASH,-----------------------, ----------,---------,------,,290,Y,Y,--------,N,Occs,,,,03-Nov-25,04-Nov-25,,,
020965019-SHRI DATTATRAY MAHARAJ KALAMBE SAH. PAT. LTD.DAPAWADI,03-Nov-25,B09066,0083333,01,0965,2,196510002450,CASH,-----------------------, ----------,---------,------,,900,Y,Y,--------,N,Occs,,,,03-Nov-25,04-Nov-25,,,
020965019-SHRI DATTATRAY MAHARAJ KALAMBE SAH. PAT. LTD.DAPAWADI,03-Nov-25,B09066,0083334,01,0965,2,196510002468,CASH,-----------------------, ----------,---------,------,,690,Y,Y,--------,N,Occs,,,,03-Nov-25,04-Nov-25,,,
020965019-SHRI DATTATRAY MAHARAJ KALAMBE SAH. PAT. LTD.DAPAWADI,03-Nov-25,B09066,0083335,01,0965,2,196510002476,CASH,-----------------------, ----------,---------,------,,130,Y,Y,--------,N,Occs,,,,03-Nov-25,04-Nov-25,,,
020965019-SHRI DATTATRAY MAHARAJ KALAMBE SAH. PAT. LTD.DAPAWADI,03-Nov-25,B09066,0083336,01,0965,2,196510002484,CASH,-----------------------, ----------,---------,------,,240,Y,Y,--------,N,Occs,,,,03-Nov-25,04-Nov-25,,,
020965019-SHRI DATTATRAY MAHARAJ KALAMBE SAH. PAT. LTD.DAPAWADI,03-Nov-25,B09066,0083337,01,0965,2,196510002492,CASH,-----------------------, ----------,---------,------,,370,Y,Y,--------,N,Occs,,,,03-Nov-25,04-Nov-25,,,
020965019-SHRI DATTATRAY MAHARAJ KALAMBE SAH. PAT. LTD.DAPAWADI,03-Nov-25,B09066,0083338,01,0965,2,196510002506,CASH,-----------------------, ----------,---------,------,,300,Y,Y,--------,N,Occs,,,,03-Nov-25,04-Nov-25,,,
020965019-SHRI DATTATRAY MAHARAJ KALAMBE SAH. PAT. LTD.DAPAWADI,03-Nov-25,B09066,0083339,01,0965,2,196510002514,CASH,-----------------------, ----------,---------,------,,220,Y,Y,--------,N,Occs,,,,03-Nov-25,04-Nov-25,,,
020965019-SHRI DATTATRAY MAHARAJ KALAMBE SAH. PAT. LTD.DAPAWADI,03-Nov-25,B09066,0083340,01,0965,2,196510002522,CASH,-----------------------, ----------,---------,------,,2440,Y,Y,--------,N,Occs,,,,03-Nov-25,04-Nov-25,,,
020965019-SHRI DATTATRAY MAHARAJ KALAMBE SAH. PAT. LTD.DAPAWADI,03-Nov-25,B09066,0083341,01,0965,2,196510002573,CASH,-----------------------, ----------,---------,------,,210,Y,Y,--------,N,Occs,,,,03-Nov-25,04-Nov-25,,,
020965019-SHRI DATTATRAY MAHARAJ KALAMBE SAH. PAT. LTD.DAPAWADI,03-Nov-25,B09066,0083342,01,0965,2,196510002549,CASH,-----------------------, ----------,---------,------,,290,Y,Y,--------,N,Occs,,,,03-Nov-25,04-Nov-25,,,
020965019-SHRI DATTATRAY MAHARAJ KALAMBE SAH. PAT. LTD.DAPAWADI,03-Nov-25,B09066,0083343,01,0965,2,196510002557,CASH,-----------------------, ----------,---------,------,,240,Y,Y,--------,N,Occs,,,,03-Nov-25,04-Nov-25,,,
020965019-SHRI DATTATRAY MAHARAJ KALAMBE SAH. PAT. LTD.DAPAWADI,03-Nov-25,B09066,0083344,01,0965,2,196510002565,CASH,-----------------------, ----------,---------,------,,360,Y,Y,--------,N,Occs,,,,03-Nov-25,04-Nov-25,,,
020965019-SHRI DATTATRAY MAHARAJ KALAMBE SAH. PAT. LTD.DAPAWADI,03-Nov-25,B09066,0083345,01,0965,2,196510001496,CASH,-----------------------, ----------,---------,------,,4240,Y,Y,--------,N,Occs,,,,03-Nov-25,04-Nov-25,,,
020965019-SHRI DATTATRAY MAHARAJ KALAMBE SAH. PAT. LTD.DAPAWADI,03-Nov-25,B09066,0083346,01,0965,2,195920001098,CASH,-----------------------, ----------,---------,------,,290,Y,Y,--------,N,Occs,,,,03-Nov-25,04-Nov-25,,,
020965019-SHRI DATTATRAY MAHARAJ KALAMBE SAH. PAT. LTD.DAPAWADI,03-Nov-25,B09066,0083347,01,0965,2,196211947961,CASH,-----------------------, ----------,---------,------,,1810,Y,Y,--------,N,Occs,,,,03-Nov-25,04-Nov-25,,,
020965019-SHRI DATTATRAY MAHARAJ KALAMBE SAH. PAT. LTD.DAPAWADI,03-Nov-25,B09066,0083348,01,0965,2,195921944875,CASH,-----------------------, ----------,---------,------,,280,Y,Y,--------,N,Occs,,,,03-Nov-25,04-Nov-25,,,
020965019-SHRI DATTATRAY MAHARAJ KALAMBE SAH. PAT. LTD.DAPAWADI,03-Nov-25,B09066,0083349,01,0965,2,196511950548,CASH,-----------------------, ----------,---------,------,,810,Y,Y,--------,N,Occs,,,,03-Nov-25,04-Nov-25,,,
020965019-SHRI DATTATRAY MAHARAJ KALAMBE SAH. PAT. LTD.DAPAWADI,03-Nov-25,B09066,0083350,01,0965,2,196510001909,CASH,-----------------------, ----------,---------,------,,560,Y,Y,--------,N,Occs,,,,03-Nov-25,04-Nov-25,,,
020965019-SHRI DATTATRAY MAHARAJ KALAMBE SAH. PAT. LTD.DAPAWADI,03-Nov-25,B09066,0083351,01,0965,2,196761955014,CASH,-----------------------, ----------,---------,------,,560,Y,Y,--------,N,Occs,,,,03-Nov-25,04-Nov-25,,,
020965019-SHRI DATTATRAY MAHARAJ KALAMBE SAH. PAT. LTD.DAPAWADI,03-Nov-25,B09066,0083352,01,0965,2,196511960977,CASH,-----------------------, ----------,---------,------,,1460,Y,Y,--------,N,Occs,,,,03-Nov-25,04-Nov-25,,,
020965019-SHRI DATTATRAY MAHARAJ KALAMBE SAH. PAT. LTD.DAPAWADI,03-Nov-25,B09066,0083353,01,0965,2,196290000728,CASH,-----------------------, ----------,---------,------,,310,Y,Y,--------,N,Occs,,,,03-Nov-25,04-Nov-25,,,
020965019-SHRI DATTATRAY MAHARAJ KALAMBE SAH. PAT. LTD.DAPAWADI,03-Nov-25,B09066,0083354,01,0965,2,196210104251,CASH,-----------------------, ----------,---------,------,,280,Y,Y,--------,N,Occs,,,,03-Nov-25,04-Nov-25,,,
020965019-SHRI DATTATRAY MAHARAJ KALAMBE SAH. PAT. LTD.DAPAWADI,03-Nov-25,B09066,0083355,01,0965,2,196211956901,CASH,-----------------------, ----------,---------,------,,470,Y,Y,--------,N,Occs,,,,03-Nov-25,04-Nov-25,,,
020965019-SHRI DATTATRAY MAHARAJ KALAMBE SAH. PAT. LTD.DAPAWADI,03-Nov-25,B09066,0083356,01,0965,2,196211958636,CASH,-----------------------, ----------,---------,------,,330,Y,Y,--------,N,Occs,,,,03-Nov-25,04-Nov-25,,,
"020965020-KAI.LALSINGRAO BAPUSO SHINDE SAH.PAT.LTD.,KUDAL BR.SAYGAON",03-Nov-25,B11454,0023318,01,0965,1,195601976850,CASH,-----------------------, ----------,---------,------,,480,Y,Y,--------,N,Occs,,,,03-Nov-25,04-Nov-25,,,
"020965020-KAI.LALSINGRAO BAPUSO SHINDE SAH.PAT.LTD.,KUDAL BR.SAYGAON",03-Nov-25,B11454,0023319,01,0965,1,195060027230,CASH,-----------------------, ----------,---------,------,,1340,Y,Y,--------,N,Occs,,,,03-Nov-25,04-Nov-25,,,
"020965020-KAI.LALSINGRAO BAPUSO SHINDE SAH.PAT.LTD.,KUDAL BR.SAYGAON",03-Nov-25,B11454,0023320,01,0965,1,195250047849,CASH,-----------------------, ----------,---------,------,,1350,Y,Y,--------,N,Occs,,,,03-Nov-25,04-Nov-25,,,
"020965020-KAI.LALSINGRAO BAPUSO SHINDE SAH.PAT.LTD.,KUDAL BR.SAYGAON",03-Nov-25,B11454,0023320,05,0965,1,195250047849,CASH,-----------------------, ----------,---------,------,,530,Y,Y,--------,N,Occs,,,,03-Nov-25,04-Nov-25,,,
"020965020-KAI.LALSINGRAO BAPUSO SHINDE SAH.PAT.LTD.,KUDAL BR.SAYGAON",03-Nov-25,B11454,0023321,01,0965,1,196880126174,CASH,-----------------------, ----------,---------,------,,450,Y,Y,--------,N,Occs,,,,03-Nov-25,04-Nov-25,,,
"020965020-KAI.LALSINGRAO BAPUSO SHINDE SAH.PAT.LTD.,KUDAL BR.SAYGAON",03-Nov-25,B11454,0023322,01,0965,1,195080030318,CASH,-----------------------, ----------,---------,------,,680,Y,Y,--------,N,Occs,,,,03-Nov-25,04-Nov-25,,,
"020965020-KAI.LALSINGRAO BAPUSO SHINDE SAH.PAT.LTD.,KUDAL BR.SAYGAON",03-Nov-25,B11454,0023323,01,0965,1,195600072884,CASH,-----------------------, ----------,---------,------,,130,Y,Y,--------,N,Occs,,,,03-Nov-25,04-Nov-25,,,
"020965020-KAI.LALSINGRAO BAPUSO SHINDE SAH.PAT.LTD.,KUDAL BR.SAYGAON",03-Nov-25,B11454,0023324,01,0965,1,195060001397,CASH,-----------------------, ----------,---------,------,,200,Y,Y,--------,N,Occs,,,,03-Nov-25,04-Nov-25,,,
"020965020-KAI.LALSINGRAO BAPUSO SHINDE SAH.PAT.LTD.,KUDAL BR.SAYGAON",03-Nov-25,B11454,0023325,01,0965,1,195600072892,CASH,-----------------------, ----------,---------,------,,360,Y,Y,--------,N,Occs,,,,03-Nov-25,04-Nov-25,,,
"020965020-KAI.LALSINGRAO BAPUSO SHINDE SAH.PAT.LTD.,KUDAL BR.SAYGAON",03-Nov-25,B11454,0023326,01,0965,1,195071980362,CASH,-----------------------, ----------,---------,------,,160,Y,Y,--------,N,Occs,,,,03-Nov-25,04-Nov-25,,,
"020965020-KAI.LALSINGRAO BAPUSO SHINDE SAH.PAT.LTD.,KUDAL BR.SAYGAON",03-Nov-25,B11454,0023327,01,0965,1,195071980907,CASH,-----------------------, ----------,---------,------,,1440,Y,Y,--------,N,Occs,,,,03-Nov-25,04-Nov-25,,,
"020965020-KAI.LALSINGRAO BAPUSO SHINDE SAH.PAT.LTD.,KUDAL BR.SAYGAON",03-Nov-25,B11454,0023328,01,0965,1,195070029036,CASH,-----------------------, ----------,---------,------,,1260,Y,Y,--------,N,Occs,,,,03-Nov-25,04-Nov-25,,,
"020965020-KAI.LALSINGRAO BAPUSO SHINDE SAH.PAT.LTD.,KUDAL BR.SAYGAON",03-Nov-25,B11454,0023329,01,0965,1,195020001751,CASH,-----------------------, ----------,---------,------,,830,Y,Y,--------,N,Occs,,,,03-Nov-25,04-Nov-25,,,
"020965020-KAI.LALSINGRAO BAPUSO SHINDE SAH.PAT.LTD.,KUDAL BR.SAYGAON",03-Nov-25,B11454,0023330,01,0965,1,196841971886,CASH,-----------------------, ----------,---------,------,,430,Y,Y,--------,N,Occs,,,,03-Nov-25,04-Nov-25,,,
"020965020-KAI.LALSINGRAO BAPUSO SHINDE SAH.PAT.LTD.,KUDAL BR.SAYGAON",03-Nov-25,B11454,0023331,01,0965,1,196850124967,CASH,-----------------------, ----------,---------,------,,490,Y,Y,--------,N,Occs,,,,03-Nov-25,04-Nov-25,,,
"020965020-KAI.LALSINGRAO BAPUSO SHINDE SAH.PAT.LTD.,KUDAL BR.SAYGAON",03-Nov-25,B11454,0023332,01,0965,1,195031968106,CASH,-----------------------, ----------,---------,------,,260,Y,Y,--------,N,Occs,,,,03-Nov-25,04-Nov-25,,,
"020965020-KAI.LALSINGRAO BAPUSO SHINDE SAH.PAT.LTD.,KUDAL BR.SAYGAON",03-Nov-25,B11454,0023333,01,0965,1,195060000838,CASH,-----------------------, ----------,---------,------,,690,Y,Y,--------,N,Occs,,,,03-Nov-25,04-Nov-25,,,
"020965020-KAI.LALSINGRAO BAPUSO SHINDE SAH.PAT.LTD.,KUDAL BR.SAYGAON",03-Nov-25,B11454,0023334,01,0965,1,195060026004,CASH,-----------------------, ----------,---------,------,,1090,Y,Y,--------,N,Occs,,,,03-Nov-25,04-Nov-25,,,
030965002-Medha,03-Nov-25,B08625,0017611,01,0965,5,195791916009,CASH,-----------------------, ----------,---------,------,,160,Y,Y,--------,N,Occs,,,,03-Nov-25,05-Nov-25,,,
030965002-Medha,03-Nov-25,B08625,0017612,01,0965,5,188411917028,CASH,-----------------------, ----------,---------,------,,750,Y,Y,--------,N,Occs,,,,03-Nov-25,05-Nov-25,,,
030965002-Medha,03-Nov-25,B08625,0017613,01,0965,5,196231923081,CASH,-----------------------, ----------,---------,------,,190,Y,Y,--------,N,Occs,,,,03-Nov-25,05-Nov-25,,,
030965002-Medha,03-Nov-25,B08625,0017614,01,0965,5,196781928897,CASH,-----------------------, ----------,---------,------,,290,Y,Y,--------,N,Occs,,,,03-Nov-25,05-Nov-25,,,
030965002-Medha,03-Nov-25,B08625,0017615,01,0965,5,195620074824,CASH,-----------------------, ----------,---------,------,,410,Y,Y,--------,N,Occs,,,,03-Nov-25,05-Nov-25,,,
030965002-Medha,03-Nov-25,B08625,0017616,01,0965,5,195791942263,CASH,-----------------------, ----------,---------,------,,610,Y,Y,--------,N,Occs,,,,03-Nov-25,05-Nov-25,,,
030965002-Medha,03-Nov-25,B08625,0017616,05,0965,5,195791942263,CASH,-----------------------, ----------,---------,------,,350,Y,Y,--------,N,Occs,,,,03-Nov-25,05-Nov-25,,,
030965002-Medha,03-Nov-25,B08625,0017617,01,0965,5,196043923210,CASH,-----------------------, ----------,---------,------,,340,Y,Y,--------,N,Occs,,,,03-Nov-25,05-Nov-25,,,
030965002-Medha,03-Nov-25,B08625,0017618,01,0965,5,195550070478,CASH,-----------------------, ----------,---------,------,,560,Y,Y,--------,N,Occs,,,,03-Nov-25,05-Nov-25,,,
030965002-Medha,03-Nov-25,B08625,0017619,01,0965,5,195570071161,CASH,-----------------------, ----------,---------,------,,430,Y,Y,--------,N,Occs,,,,03-Nov-25,05-Nov-25,,,
030965002-Medha,03-Nov-25,B08625,0017620,01,0965,5,195320054015,CASH,-----------------------, ----------,---------,------,,160,Y,Y,--------,N,Occs,,,,03-Nov-25,05-Nov-25,,,
030965002-Medha,03-Nov-25,B08625,0017621,01,0965,5,195480001848,CHEQUE,"The Satara District Central Cooperative Bank Ltd.,Satara",SDCE0001010,412851520,941419,03-Nov-25,8780,Y,Y,--------,N,Occs,04-Nov-25,18046737,,04-Nov-25,05-Nov-25,,,
030965004-Kelghar,03-Nov-25,B08627,0017465,01,0965,5,195720079530,CASH,-----------------------, ----------,---------,------,,460,Y,Y,--------,N,Occs,,,,03-Nov-25,05-Nov-25,,,
030965004-Kelghar,03-Nov-25,B08627,0017466,01,0965,5,195200002381,CASH,-----------------------, ----------,---------,------,,130,Y,Y,--------,N,Occs,,,,03-Nov-25,05-Nov-25,,,
030965004-Kelghar,03-Nov-25,B08627,0017467,01,0965,5,195200042447,CASH,-----------------------, ----------,---------,------,,490,Y,Y,--------,N,Occs,,,,03-Nov-25,05-Nov-25,,,
030965004-Kelghar,03-Nov-25,B08627,0017468,01,0965,5,195200000671,CASH,-----------------------, ----------,---------,------,,200,Y,Y,--------,N,Occs,,,,03-Nov-25,05-Nov-25,,,
030965004-Kelghar,03-Nov-25,B08627,0017469,01,0965,5,195200041912,CASH,-----------------------, ----------,---------,------,,1880,Y,Y,--------,N,Occs,,,,03-Nov-25,05-Nov-25,,,
030965004-Kelghar,03-Nov-25,B08627,0017470,01,0965,5,196781911382,CASH,-----------------------, ----------,---------,------,,220,Y,Y,--------,N,Occs,,,,03-Nov-25,05-Nov-25,,,
030965004-Kelghar,03-Nov-25,B08627,0017471,01,0965,5,195421909381,CASH,-----------------------, ----------,---------,------,,910,Y,Y,--------,N,Occs,,,,03-Nov-25,05-Nov-25,,,
030965004-Kelghar,03-Nov-25,B08627,0017471,05,0965,5,195421909381,CASH,-----------------------, ----------,---------,------,,420,Y,Y,--------,N,Occs,,,,03-Nov-25,05-Nov-25,,,
030965004-Kelghar,03-Nov-25,B08627,0017472,01,0965,5,195631934248,CASH,-----------------------, ----------,---------,------,,320,Y,Y,--------,N,Occs,,,,03-Nov-25,05-Nov-25,,,
030965004-Kelghar,03-Nov-25,B08627,0017473,01,0965,5,196430111991,CASH,-----------------------, ----------,---------,------,,240,Y,Y,--------,N,Occs,,,,03-Nov-25,05-Nov-25,,,
030965004-Kelghar,03-Nov-25,B08627,0017474,01,0965,5,196440112261,CASH,-----------------------, ----------,---------,------,,220,Y,Y,--------,N,Occs,,,,03-Nov-25,05-Nov-25,,,
030965004-Kelghar,03-Nov-25,B08627,0017475,01,0965,5,196150102415,CASH,-----------------------, ----------,---------,------,,450,Y,Y,--------,N,Occs,,,,03-Nov-25,05-Nov-25,,,
030965004-Kelghar,03-Nov-25,B08627,0017476,01,0965,5,195200042307,CASH,-----------------------, ----------,---------,------,,210,Y,Y,--------,N,Occs,,,,03-Nov-25,05-Nov-25,,,
030965004-Kelghar,03-Nov-25,B08627,0017477,01,0965,5,196370000613,CASH,-----------------------, ----------,---------,------,,520,Y,Y,--------,N,Occs,,,,03-Nov-25,05-Nov-25,,,
030965004-Kelghar,03-Nov-25,B08627,0017478,01,0965,5,196350110242,CASH,-----------------------, ----------,---------,------,,420,Y,Y,--------,N,Occs,,,,03-Nov-25,05-Nov-25,,,
030965004-Kelghar,03-Nov-25,B08627,0017479,01,0965,5,196441910870,CASH,-----------------------, ----------,---------,------,,1690,Y,Y,--------,N,Occs,,,,03-Nov-25,05-Nov-25,,,
030965005-Tapola,03-Nov-25,B08628,0048205,01,0965,6,195371983410,CASH,-----------------------, ----------,---------,------,,1130,Y,Y,--------,N,Occs,,,,03-Nov-25,05-Nov-25,,,
030965005-Tapola,03-Nov-25,B08628,0048206,01,0965,6,196300000632,CASH,-----------------------, ----------,---------,------,,130,Y,Y,--------,N,Occs,,,,03-Nov-25,05-Nov-25,,,
030965005-Tapola,03-Nov-25,B08628,0048207,01,0965,6,196640000921,CASH,-----------------------, ----------,---------,------,,570,Y,Y,--------,N,Occs,,,,03-Nov-25,05-Nov-25,,,
030965006-Anewadi,03-Nov-25,B08629,0053549,01,0957,5,193250002508,CASH,-----------------------, ----------,---------,------,,750,Y,Y,--------,N,Occs,,,,03-Nov-25,05-Nov-25,,,
030965006-Anewadi,03-Nov-25,B08629,0053550,01,0965,1,195030001856,CASH,-----------------------, ----------,---------,------,,570,Y,Y,--------,N,Occs,,,,03-Nov-25,05-Nov-25,,,
030965006-Anewadi,03-Nov-25,B08629,0053551,01,0965,1,195030014826,CASH,-----------------------, ----------,---------,------,,330,Y,Y,--------,N,Occs,,,,03-Nov-25,05-Nov-25,,,
030965006-Anewadi,03-Nov-25,B08629,0053552,01,0965,1,195031982281,CASH,-----------------------, ----------,---------,------,,130,Y,Y,--------,N,Occs,,,,03-Nov-25,05-Nov-25,,,
030965006-Anewadi,03-Nov-25,B08629,0053553,01,0965,1,195030003018,CASH,-----------------------, ----------,---------,------,,350,Y,Y,--------,N,Occs,,,,03-Nov-25,05-Nov-25,,,
030965006-Anewadi,03-Nov-25,B08629,0053554,01,0965,1,195030001775,CASH,-----------------------, ----------,---------,------,,370,Y,Y,--------,N,Occs,,,,03-Nov-25,05-Nov-25,,,
030965006-Anewadi,03-Nov-25,B08629,0053555,01,0965,1,190431965236,CASH,-----------------------, ----------,---------,------,,660,Y,Y,--------,N,Occs,,,,03-Nov-25,05-Nov-25,,,
030965006-Anewadi,03-Nov-25,B08629,0053556,01,0965,1,190431960714,CASH,-----------------------, ----------,---------,------,,210,Y,Y,--------,N,Occs,,,,03-Nov-25,05-Nov-25,,,
030965006-Anewadi,03-Nov-25,B08629,0053557,01,0965,1,190431973999,CASH,-----------------------, ----------,---------,------,,400,Y,Y,--------,N,Occs,,,,03-Nov-25,05-Nov-25,,,
030965006-Anewadi,03-Nov-25,B08629,0053558,01,0965,1,195020012761,CASH,-----------------------, ----------,---------,------,,650,Y,Y,--------,N,Occs,,,,03-Nov-25,05-Nov-25,,,
030965006-Anewadi,03-Nov-25,B08629,0053559,01,0965,1,190430004551,CASH,-----------------------, ----------,---------,------,,290,Y,Y,--------,N,Occs,,,,03-Nov-25,05-Nov-25,,,
030965006-Anewadi,03-Nov-25,B08629,0053560,01,0965,1,190430001551,CASH,-----------------------, ----------,---------,------,,940,Y,Y,--------,N,Occs,,,,03-Nov-25,05-Nov-25,,,
030965006-Anewadi,03-Nov-25,B08629,0053561,01,0965,1,195021975864,CASH,-----------------------, ----------,---------,------,,360,Y,Y,--------,N,Occs,,,,03-Nov-25,05-Nov-25,,,
030965006-Anewadi,03-Nov-25,B08629,0053562,01,0965,1,195021979428,CASH,-----------------------, ----------,---------,------,,30,Y,Y,--------,N,Occs,,,,03-Nov-25,05-Nov-25,,,
030965006-Anewadi,03-Nov-25,B08629,0053563,01,0957,5,193250001188,CASH,-----------------------, ----------,---------,------,,400,Y,Y,--------,N,Occs,,,,03-Nov-25,05-Nov-25,,,
030965006-Anewadi,03-Nov-25,B08629,0053564,01,0965,1,190431981444,CASH,-----------------------, ----------,---------,------,,640,Y,Y,--------,N,Occs,,,,03-Nov-25,05-Nov-25,,,
030965006-Anewadi,03-Nov-25,B08629,0053565,01,0965,1,190431969886,CASH,-----------------------, ----------,---------,------,,310,Y,Y,--------,N,Occs,,,,03-Nov-25,05-Nov-25,,,
030965006-Anewadi,03-Nov-25,B08629,0053566,01,0965,1,190430003279,CASH,-----------------------, ----------,---------,------,,650,Y,Y,--------,N,Occs,,,,03-Nov-25,05-Nov-25,,,
030965006-Anewadi,03-Nov-25,B08629,0053567,01,0965,1,195031967444,CASH,-----------------------, ----------,---------,------,,1030,Y,Y,--------,N,Occs,,,,03-Nov-25,05-Nov-25,,,
030965006-Anewadi,03-Nov-25,B08629,0053568,01,0965,1,195070001450,CASH,-----------------------, ----------,---------,------,,3210,Y,Y,--------,N,Occs,,,,03-Nov-25,05-Nov-25,,,
030965006-Anewadi,03-Nov-25,B08629,0053569,01,0965,1,195070002669,CASH,-----------------------, ----------,---------,------,,570,Y,Y,--------,N,Occs,,,,03-Nov-25,05-Nov-25,,,
030965006-Anewadi,03-Nov-25,B08629,0053570,01,0957,5,193251940102,CASH,-----------------------, ----------,---------,------,,490,Y,Y,--------,N,Occs,,,,03-Nov-25,05-Nov-25,,,
030965006-Anewadi,03-Nov-25,B08629,0053571,01,0965,1,195030003204,CASH,-----------------------, ----------,---------,------,,280,Y,Y,--------,N,Occs,,,,03-Nov-25,05-Nov-25,,,
030965006-Anewadi,03-Nov-25,B08629,0053572,01,0965,1,195020003281,CASH,-----------------------, ----------,---------,------,,180,Y,Y,--------,N,Occs,,,,03-Nov-25,05-Nov-25,,,
030965006-Anewadi,03-Nov-25,B08629,0053573,01,0965,1,195020012426,CASH,-----------------------, ----------,---------,------,,790,Y,Y,--------,N,Occs,,,,03-Nov-25,05-Nov-25,,,
030965006-Anewadi,03-Nov-25,B08629,0053574,01,0957,5,193330002541,CASH,-----------------------, ----------,---------,------,,670,Y,Y,--------,N,Occs,,,,03-Nov-25,05-Nov-25,,,
030965006-Anewadi,03-Nov-25,B08629,0053575,01,0965,1,190431966127,CASH,-----------------------, ----------,---------,------,,590,Y,Y,--------,N,Occs,,,,03-Nov-25,05-Nov-25,,,
030965006-Anewadi,03-Nov-25,B08629,0053576,01,0965,1,190430032724,CASH,-----------------------, ----------,---------,------,,640,Y,Y,--------,N,Occs,,,,03-Nov-25,05-Nov-25,,,
030965006-Anewadi,03-Nov-25,B08629,0053577,01,0965,1,190430005603,CASH,-----------------------, ----------,---------,------,,1260,Y,Y,--------,N,Occs,,,,03-Nov-25,05-Nov-25,,,
030965006-Anewadi,03-Nov-25,B08629,0053577,05,0965,1,190430005603,CASH,-----------------------, ----------,---------,------,,620,Y,Y,--------,N,Occs,,,,03-Nov-25,05-Nov-25,,,
030965006-Anewadi,03-Nov-25,B08629,0053578,01,0965,1,195070002286,CASH,-----------------------, ----------,---------,------,,350,Y,Y,--------,N,Occs,,,,03-Nov-25,05-Nov-25,,,
030965006-Anewadi,03-Nov-25,B08629,0053579,01,0965,0,195071964006,CASH,-----------------------, ----------,---------,------,,600,Y,Y,--------,N,Occs,,,,03-Nov-25,05-Nov-25,,,
030965006-Anewadi,03-Nov-25,B08629,0053580,01,0965,1,195030015482,CASH,-----------------------, ----------,---------,------,,460,Y,Y,--------,N,Occs,,,,03-Nov-25,05-Nov-25,,,
030965009-Bhanang,03-Nov-25,B08632,0017675,01,0965,5,195621953741,CASH,-----------------------, ----------,---------,------,,290,Y,Y,--------,N,Occs,,,,03-Nov-25,05-Nov-25,,,
030965009-Bhanang,03-Nov-25,B08632,0017676,01,0965,5,196931900813,CASH,-----------------------, ----------,---------,------,,490,Y,Y,--------,N,Occs,,,,03-Nov-25,05-Nov-25,,,
030965009-Bhanang,03-Nov-25,B08632,0017677,01,0965,5,196801907476,CASH,-----------------------, ----------,---------,------,,300,Y,Y,--------,N,Occs,,,,03-Nov-25,05-Nov-25,,,
030965009-Bhanang,03-Nov-25,B08632,0017678,01,0965,5,195620001622,CASH,-----------------------, ----------,---------,------,,940,Y,Y,--------,N,Occs,,,,03-Nov-25,05-Nov-25,,,
030965009-Bhanang,03-Nov-25,B08632,0017679,01,0965,5,195620001851,CASH,-----------------------, ----------,---------,------,,520,Y,Y,--------,N,Occs,,,,03-Nov-25,05-Nov-25,,,
030965009-Bhanang,03-Nov-25,B08632,0017680,01,0965,5,195621911738,CASH,-----------------------, ----------,---------,------,,530,Y,Y,--------,N,Occs,,,,03-Nov-25,05-Nov-25,,,
030965009-Bhanang,03-Nov-25,B08632,0017681,01,0965,5,196911912165,CASH,-----------------------, ----------,---------,------,,290,Y,Y,--------,N,Occs,,,,03-Nov-25,05-Nov-25,,,
030965009-Bhanang,03-Nov-25,B08632,0017682,01,0965,5,196910127138,CASH,-----------------------, ----------,---------,------,,340,Y,Y,--------,N,Occs,,,,03-Nov-25,05-Nov-25,,,
030965009-Bhanang,03-Nov-25,B08632,0017683,01,0965,5,195551936711,CASH,-----------------------, ----------,---------,------,,460,Y,Y,--------,N,Occs,,,,03-Nov-25,05-Nov-25,,,
030965009-Bhanang,03-Nov-25,B08632,0017684,01,0965,5,195551901861,CASH,-----------------------, ----------,---------,------,,880,Y,Y,--------,N,Occs,,,,03-Nov-25,05-Nov-25,,,
030965009-Bhanang,03-Nov-25,B08632,0017685,01,0965,5,195550000721,CASH,-----------------------, ----------,---------,------,,210,Y,Y,--------,N,Occs,,,,03-Nov-25,05-Nov-25,,,
030965009-Bhanang,03-Nov-25,B08632,0017686,01,0965,5,195621904278,CASH,-----------------------, ----------,---------,------,,280,Y,Y,--------,N,Occs,,,,03-Nov-25,05-Nov-25,,,
030965009-Bhanang,03-Nov-25,B08632,0017687,01,0965,5,195620075138,CASH,-----------------------, ----------,---------,------,,910,Y,Y,--------,N,Occs,,,,03-Nov-25,05-Nov-25,,,
030965009-Bhanang,03-Nov-25,B08632,0017688,01,0965,5,195621901139,CASH,-----------------------, ----------,---------,------,,1100,Y,Y,--------,N,Occs,,,,03-Nov-25,05-Nov-25,,,
030965009-Bhanang,03-Nov-25,B08632,0017689,01,0965,5,195620000103,CASH,-----------------------, ----------,---------,------,,460,Y,Y,--------,N,Occs,,,,03-Nov-25,05-Nov-25,,,
030965010-Saygaon,03-Nov-25,B08633,0036503,01,0965,1,195070028056,CASH,-----------------------, ----------,---------,------,,600,Y,Y,--------,N,Occs,,,,03-Nov-25,05-Nov-25,,,
030965010-Saygaon,03-Nov-25,B08633,0036504,01,0965,1,195081968433,CASH,-----------------------, ----------,---------,------,,340,Y,Y,--------,N,Occs,,,,03-Nov-25,05-Nov-25,,,
030965010-Saygaon,03-Nov-25,B08633,0036505,01,0965,1,195070027998,CASH,-----------------------, ----------,---------,------,,350,Y,Y,--------,N,Occs,,,,03-Nov-25,05-Nov-25,,,
030965010-Saygaon,03-Nov-25,B08633,0036506,01,0965,1,195061961866,CASH,-----------------------, ----------,---------,------,,230,Y,Y,--------,N,Occs,,,,03-Nov-25,05-Nov-25,,,
030965010-Saygaon,03-Nov-25,B08633,0036507,01,0965,1,195031965743,CASH,-----------------------, ----------,---------,------,,440,Y,Y,--------,N,Occs,,,,03-Nov-25,05-Nov-25,,,
030965010-Saygaon,03-Nov-25,B08633,0036508,01,0965,1,195060002407,CASH,-----------------------, ----------,---------,------,,500,Y,Y,--------,N,Occs,,,,03-Nov-25,05-Nov-25,,,
030965010-Saygaon,03-Nov-25,B08633,0036509,01,0965,1,195060027108,CASH,-----------------------, ----------,---------,------,,450,Y,Y,--------,N,Occs,,,,03-Nov-25,05-Nov-25,,,
030965010-Saygaon,03-Nov-25,B08633,0036510,01,0965,1,195070003070,CASH,-----------------------, ----------,---------,------,,180,Y,Y,--------,N,Occs,,,,03-Nov-25,05-Nov-25,,,
030965010-Saygaon,03-Nov-25,B08633,0036511,01,0965,1,195070028021,CASH,-----------------------, ----------,---------,------,,590,Y,Y,--------,N,Occs,,,,03-Nov-25,05-Nov-25,,,
030965010-Saygaon,03-Nov-25,B08633,0036512,01,0965,1,195071969067,CASH,-----------------------, ----------,---------,------,,690,Y,Y,--------,N,Occs,,,,03-Nov-25,05-Nov-25,,,
030965010-Saygaon,03-Nov-25,B08633,0036513,01,0965,1,195061981603,CASH,-----------------------, ----------,---------,------,,1010,Y,Y,--------,N,Occs,,,,03-Nov-25,05-Nov-25,,,
030965010-Saygaon,03-Nov-25,B08633,0036514,01,0965,1,195080000621,CASH,-----------------------, ----------,---------,------,,3600,Y,Y,--------,N,Occs,,,,03-Nov-25,05-Nov-25,,,
030965010-Saygaon,03-Nov-25,B08633,0036515,01,0965,1,195070028579,CASH,-----------------------, ----------,---------,------,,1040,Y,Y,--------,N,Occs,,,,03-Nov-25,05-Nov-25,,,
030965010-Saygaon,03-Nov-25,B08633,0036516,01,0965,1,195071981075,CASH,-----------------------, ----------,---------,------,,230,Y,Y,--------,N,Occs,,,,03-Nov-25,05-Nov-25,,,
030965010-Saygaon,03-Nov-25,B08633,0036517,01,0965,1,195061979692,CASH,-----------------------, ----------,---------,------,,450,Y,Y,--------,N,Occs,,,,03-Nov-25,05-Nov-25,,,
030965010-Saygaon,03-Nov-25,B08633,0036518,01,0965,1,195070028838,CASH,-----------------------, ----------,---------,------,,440,Y,Y,--------,N,Occs,,,,03-Nov-25,05-Nov-25,,,
030965010-Saygaon,03-Nov-25,B08633,0036519,01,0965,1,196851981855,CASH,-----------------------, ----------,---------,------,,610,Y,Y,--------,N,Occs,,,,03-Nov-25,05-Nov-25,,,
030965010-Saygaon,03-Nov-25,B08633,0036520,01,0965,1,195600001596,CASH,-----------------------, ----------,---------,------,,230,Y,Y,--------,N,Occs,,,,03-Nov-25,05-Nov-25,,,
030965010-Saygaon,03-Nov-25,B08633,0036521,01,0965,1,195600073040,CASH,-----------------------, ----------,---------,------,,130,Y,Y,--------,N,Occs,,,,03-Nov-25,05-Nov-25,,,
030965010-Saygaon,03-Nov-25,B08633,0036522,01,0965,1,195601967753,CASH,-----------------------, ----------,---------,------,,600,Y,Y,--------,N,Occs,,,,03-Nov-25,05-Nov-25,,,
030965010-Saygaon,03-Nov-25,B08633,0036523,01,0965,1,195600000719,CASH,-----------------------, ----------,---------,------,,170,Y,Y,--------,N,Occs,,,,03-Nov-25,05-Nov-25,,,
030965010-Saygaon,03-Nov-25,B08633,0036524,01,0965,1,196850002161,CASH,-----------------------, ----------,---------,------,,250,Y,Y,--------,N,Occs,,,,03-Nov-25,05-Nov-25,,,
030965010-Saygaon,03-Nov-25,B08633,0036525,01,0965,1,196850125700,CASH,-----------------------, ----------,---------,------,,160,Y,Y,--------,N,Occs,,,,03-Nov-25,05-Nov-25,,,
030965010-Saygaon,03-Nov-25,B08633,0036526,01,0965,1,195060001605,CASH,-----------------------, ----------,---------,------,,520,Y,Y,--------,N,Occs,,,,03-Nov-25,05-Nov-25,,,
030965010-Saygaon,03-Nov-25,B08633,0036527,01,0965,1,195060025814,CASH,-----------------------, ----------,---------,------,,640,Y,Y,--------,N,Occs,,,,03-Nov-25,05-Nov-25,,,
030965010-Saygaon,03-Nov-25,B08633,0036528,01,0965,1,195601971297,CASH,-----------------------, ----------,---------,------,,540,Y,Y,--------,N,Occs,,,,03-Nov-25,05-Nov-25,,,
030965010-Saygaon,03-Nov-25,B08633,0036529,01,0965,1,196850125106,CASH,-----------------------, ----------,---------,------,,130,Y,Y,--------,N,Occs,,,,03-Nov-25,05-Nov-25,,,
030965010-Saygaon,03-Nov-25,B08633,0036530,01,0965,1,196251978524,CASH,-----------------------, ----------,---------,------,,200,Y,Y,--------,N,Occs,,,,03-Nov-25,05-Nov-25,,,
030965010-Saygaon,03-Nov-25,B08633,0036531,01,0965,1,195060027418,CASH,-----------------------, ----------,---------,------,,2190,Y,Y,--------,N,Occs,,,,03-Nov-25,05-Nov-25,,,
030965010-Saygaon,03-Nov-25,B08633,0036532,01,0965,1,195061968364,CASH,-----------------------, ----------,---------,------,,160,Y,Y,--------,N,Occs,,,,03-Nov-25,05-Nov-25,,,
030965010-Saygaon,03-Nov-25,B08633,0036533,01,0965,1,196250001152,CASH,-----------------------, ----------,---------,------,,200,Y,Y,--------,N,Occs,,,,03-Nov-25,05-Nov-25,,,
030965010-Saygaon,03-Nov-25,B08633,0036534,01,0965,1,196251964205,CASH,-----------------------, ----------,---------,------,,480,Y,Y,--------,N,Occs,,,,03-Nov-25,05-Nov-25,,,
030965010-Saygaon,03-Nov-25,B08633,0036535,01,0965,1,195060002636,CASH,-----------------------, ----------,---------,------,,900,Y,Y,--------,N,Occs,,,,03-Nov-25,05-Nov-25,,,
030965011-Ganje,03-Nov-25,B08634,0001124,01,0965,5,195471930038,CASH,-----------------------, ----------,---------,------,,270,Y,Y,--------,N,Occs,,,,03-Nov-25,05-Nov-25,,,
030965011-Ganje,03-Nov-25,B08634,0001125,01,0965,5,196611905281,CASH,-----------------------, ----------,---------,------,,200,Y,Y,--------,N,Occs,,,,03-Nov-25,05-Nov-25,,,
030965011-Ganje,03-Nov-25,B08634,0001126,01,0965,5,195471932596,CASH,-----------------------, ----------,---------,------,,90,Y,Y,--------,N,Occs,,,,03-Nov-25,05-Nov-25,,,
030965011-Ganje,03-Nov-25,B08634,0001127,01,0965,5,196611952653,CASH,-----------------------, ----------,---------,------,,90,Y,Y,--------,N,Occs,,,,03-Nov-25,05-Nov-25,,,
030965011-Ganje,03-Nov-25,B08634,0001128,01,0965,5,195470063195,CASH,-----------------------, ----------,---------,------,,160,Y,Y,--------,N,Occs,,,,03-Nov-25,05-Nov-25,,,
030965011-Ganje,03-Nov-25,B08634,0001129,01,0965,5,195470001670,CASH,-----------------------, ----------,---------,------,,280,Y,Y,--------,N,Occs,,,,03-Nov-25,05-Nov-25,,,
030965011-Ganje,03-Nov-25,B08634,0001130,01,0965,5,196070099618,CASH,-----------------------, ----------,---------,------,,130,Y,Y,--------,N,Occs,,,,03-Nov-25,05-Nov-25,,,
030965011-Ganje,03-Nov-25,B08634,0001131,01,0965,5,195470062202,CASH,-----------------------, ----------,---------,------,,240,Y,Y,--------,N,Occs,,,,03-Nov-25,05-Nov-25,,,
030965011-Ganje,03-Nov-25,B08634,0001132,01,0965,5,195471925905,CASH,-----------------------, ----------,---------,------,,4700,Y,Y,--------,N,Occs,,,,03-Nov-25,05-Nov-25,,,
030965016-Kedambe,03-Nov-25,B08637,0008742,01,0965,5,195970095522,CASH,-----------------------, ----------,---------,------,,210,Y,Y,--------,N,Occs,,,,03-Nov-25,05-Nov-25,,,
180965002-Riya Computer,03-Nov-25,W20997,0005135,01,0931,2,190420023689,CASH,-----------------------, ----------,---------,------,,3130,Y,Y,--------,N,Wallet,,,,03-Nov-25,04-Nov-25,,,
180965002-Riya Computer,03-Nov-25,W20997,0005136,01,0931,2,190951693646,CASH,-----------------------, ----------,---------,------,,360,Y,Y,--------,N,Wallet,,,,03-Nov-25,04-Nov-25,,,
180965002-Riya Computer,03-Nov-25,W20997,0005137,01,0914,6,190560265801,CASH,-----------------------, ----------,---------,------,,1840,Y,Y,--------,N,Wallet,,,,03-Nov-25,04-Nov-25,,,
180965002-Riya Computer,03-Nov-25,W20997,0005138,01,0931,2,190951612832,CASH,-----------------------, ----------,---------,------,,380,Y,Y,--------,N,Wallet,,,,03-Nov-25,04-Nov-25,,,
180965002-Riya Computer,03-Nov-25,W20997,0005139,01,0914,1,190561774793,CASH,-----------------------, ----------,---------,------,,1420,Y,Y,--------,N,Wallet,,,,03-Nov-25,04-Nov-25,,,
180965002-Riya Computer,03-Nov-25,W20997,0005140,01,0914,1,190563184837,CASH,-----------------------, ----------,---------,------,,560,Y,Y,--------,N,Wallet,,,,03-Nov-25,04-Nov-25,,,
180965002-Riya Computer,03-Nov-25,W20997,0005141,01,0914,1,190560543551,CASH,-----------------------, ----------,---------,------,,980,Y,Y,--------,N,Wallet,,,,03-Nov-25,04-Nov-25,,,
180965002-Riya Computer,03-Nov-25,W20997,0005142,01,0914,6,190561790233,CASH,-----------------------, ----------,---------,------,,220,Y,Y,--------,N,Wallet,,,,03-Nov-25,04-Nov-25,,,
180965002-Riya Computer,03-Nov-25,W20997,0005143,01,0914,1,190560537283,CASH,-----------------------, ----------,---------,------,,320,Y,Y,--------,N,Wallet,,,,03-Nov-25,04-Nov-25,,,
180965002-Riya Computer,03-Nov-25,W20997,0005144,01,0914,1,190560106398,CASH,-----------------------, ----------,---------,------,,490,Y,Y,--------,N,Wallet,,,,03-Nov-25,04-Nov-25,,,
180965002-Riya Computer,03-Nov-25,W20997,0005145,01,0931,1,210200001588,CASH,-----------------------, ----------,---------,------,,960,Y,Y,--------,N,Wallet,,,,03-Nov-25,04-Nov-25,,,
180965002-Riya Computer,03-Nov-25,W20997,0005146,01,0914,1,190563162990,CASH,-----------------------, ----------,---------,------,,1360,Y,Y,--------,N,Wallet,,,,03-Nov-25,04-Nov-25,,,
180965002-Riya Computer,03-Nov-25,W33651,0002550,01,0957,8,193310025588,CASH,-----------------------, ----------,---------,------,,600,Y,Y,--------,N,Wallet,,,,03-Nov-25,04-Nov-25,,,
180965002-Riya Computer,03-Nov-25,W33651,0002551,01,0957,2,193011891678,CASH,-----------------------, ----------,---------,------,,560,Y,Y,--------,N,Wallet,,,,03-Nov-25,04-Nov-25,,,
180965002-Riya Computer,03-Nov-25,W33651,0002552,01,0957,1,193018816027,CASH,-----------------------, ----------,---------,------,,1500,Y,Y,--------,N,Wallet,,,,03-Nov-25,04-Nov-25,,,
180965002-Riya Computer,03-Nov-25,W33651,0002553,01,0957,1,193011814908,CASH,-----------------------, ----------,---------,------,,1660,Y,Y,--------,N,Wallet,,,,03-Nov-25,04-Nov-25,,,
180965002-Riya Computer,03-Nov-25,W33651,0002554,01,0957,2,193018812439,CASH,-----------------------, ----------,---------,------,,320,Y,Y,--------,N,Wallet,,,,03-Nov-25,04-Nov-25,,,
180965002-Riya Computer,03-Nov-25,W33651,0002555,01,0957,2,193018812404,CASH,-----------------------, ----------,---------,------,,1000,Y,Y,--------,N,Wallet,,,,03-Nov-25,04-Nov-25,,,
180965002-Riya Computer,03-Nov-25,W33651,0002556,01,0957,2,193010005739,CASH,-----------------------, ----------,---------,------,,940,Y,Y,--------,N,Wallet,,,,03-Nov-25,04-Nov-25,,,
180965002-Riya Computer,03-Nov-25,W33651,0002557,01,0957,2,193010046702,CASH,-----------------------, ----------,---------,------,,920,Y,Y,--------,N,Wallet,,,,03-Nov-25,04-Nov-25,,,
180965002-Riya Computer,03-Nov-25,W33651,0002558,01,0957,2,193011805798,CASH,-----------------------, ----------,---------,------,,130,Y,Y,--------,N,Wallet,,,,03-Nov-25,04-Nov-25,,,
180965002-Riya Computer,03-Nov-25,W33651,0002559,01,0957,1,193018972363,CASH,-----------------------, ----------,---------,------,,370,Y,Y,--------,N,Wallet,,,,03-Nov-25,04-Nov-25,,,
180965002-Riya Computer,03-Nov-25,W33651,0002560,01,0957,4,193121972142,CASH,-----------------------, ----------,---------,------,,860,Y,Y,--------,N,Wallet,,,,03-Nov-25,04-Nov-25,,,
180965002-Riya Computer,03-Nov-25,W34360,0000673,01,0957,5,193051943026,CASH,-----------------------, ----------,---------,------,,450,Y,Y,--------,N,Wallet,,,,03-Nov-25,04-Nov-25,,,
180965002-Riya Computer,03-Nov-25,W42765,0000009,01,5983,6,203521550871,CASH,-----------------------, ----------,---------,------,,230,Y,Y,--------,N,Wallet,,,,03-Nov-25,04-Nov-25,,,
180965002-Riya Computer,03-Nov-25,W42765,0000010,01,5983,6,203520123821,CASH,-----------------------, ----------,---------,------,,2080,Y,Y,--------,N,Wallet,,,,03-Nov-25,04-Nov-25,,,
180965002-Riya Computer,03-Nov-25,W42765,0000011,01,5983,6,203528582484,CASH,-----------------------, ----------,---------,------,,390,Y,Y,--------,N,Wallet,,,,03-Nov-25,04-Nov-25,,,
180965002-Riya Computer,03-Nov-25,W42765,0000012,01,5983,6,203520581624,CASH,-----------------------, ----------,---------,------,,190,Y,Y,--------,N,Wallet,,,,03-Nov-25,04-Nov-25,,,
180965002-Riya Computer,03-Nov-25,W42765,0000013,01,5983,6,203520141802,CASH,-----------------------, ----------,---------,------,,270,Y,Y,--------,N,Wallet,,,,03-Nov-25,04-Nov-25,,,
180965002-Riya Computer,03-Nov-25,W42765,0000014,01,5983,6,203521683315,CASH,-----------------------, ----------,---------,------,,310,Y,Y,--------,N,Wallet,,,,03-Nov-25,04-Nov-25,,,
180965002-Riya Computer,03-Nov-25,W42765,0000015,01,5983,6,203520576582,CASH,-----------------------, ----------,---------,------,,740,Y,Y,--------,N,Wallet,,,,03-Nov-25,04-Nov-25,,,
180965003-Vijay Dattatray Pawar,03-Nov-25,W13036,0000175,01,0965,1,195251982045,CASH,-----------------------, ----------,---------,------,,1130,Y,Y,--------,N,Wallet,,,,03-Nov-25,04-Nov-25,,,
180965003-Vijay Dattatray Pawar,03-Nov-25,W13036,0000176,01,0914,1,190410046133,CASH,-----------------------, ----------,---------,------,,630,Y,Y,--------,N,Wallet,,,,03-Nov-25,04-Nov-25,,,
180965003-Vijay Dattatray Pawar,03-Nov-25,W13036,0000177,01,0965,1,195250000770,CASH,-----------------------, ----------,---------,------,,220,Y,Y,--------,N,Wallet,,,,03-Nov-25,04-Nov-25,,,
180965004-Aniket Santosh Dhanawade,03-Nov-25,W13248,0005551,01,0965,5,195790000817,CASH,-----------------------, ----------,---------,------,,390,Y,Y,--------,N,Wallet,,,,03-Nov-25,04-Nov-25,,,
180965004-Aniket Santosh Dhanawade,03-Nov-25,W13248,0005552,01,0965,0,195290000829,CASH,-----------------------, ----------,---------,------,,2040,Y,Y,--------,N,Wallet,,,,03-Nov-25,04-Nov-25,,,
180965004-Aniket Santosh Dhanawade,03-Nov-25,W13248,0005553,01,0965,5,195791935551,CASH,-----------------------, ----------,---------,------,,350,Y,Y,--------,N,Wallet,,,,03-Nov-25,04-Nov-25,,,
180965004-Aniket Santosh Dhanawade,03-Nov-25,W13248,0005554,01,0965,5,195790083691,CASH,-----------------------, ----------,---------,------,,330,Y,Y,--------,N,Wallet,,,,03-Nov-25,04-Nov-25,,,
180965004-Aniket Santosh Dhanawade,03-Nov-25,W13248,0005555,01,0965,5,195791906887,CASH,-----------------------, ----------,---------,------,,510,Y,Y,--------,N,Wallet,,,,03-Nov-25,04-Nov-25,,,
180965004-Aniket Santosh Dhanawade,03-Nov-25,W13248,0005556,01,0965,5,195790083585,CASH,-----------------------, ----------,---------,------,,190,Y,Y,--------,N,Wallet,,,,03-Nov-25,04-Nov-25,,,
180965004-Aniket Santosh Dhanawade,03-Nov-25,W13248,0005557,01,0965,5,195790083453,CASH,-----------------------, ----------,---------,------,,160,Y,Y,--------,N,Wallet,,,,03-Nov-25,04-Nov-25,,,
180965004-Aniket Santosh Dhanawade,03-Nov-25,W13248,0005558,01,0965,5,195790083623,CASH,-----------------------, ----------,---------,------,,220,Y,Y,--------,N,Wallet,,,,03-Nov-25,04-Nov-25,,,
180965004-Aniket Santosh Dhanawade,03-Nov-25,W13248,0005559,01,0965,5,195790083518,CASH,-----------------------, ----------,---------,------,,250,Y,Y,--------,N,Wallet,,,,03-Nov-25,04-Nov-25,,,
180965004-Aniket Santosh Dhanawade,03-Nov-25,W13248,0005560,01,0965,5,195291913577,CASH,-----------------------, ----------,---------,------,,130,Y,Y,--------,N,Wallet,,,,03-Nov-25,04-Nov-25,,,
180965004-Aniket Santosh Dhanawade,03-Nov-25,W13248,0005561,01,0965,5,195291911299,CASH,-----------------------, ----------,---------,------,,330,Y,Y,--------,N,Wallet,,,,03-Nov-25,04-Nov-25,,,